/bin/sh: _module_raw: line 1: syntax error: unexpected end of file
/bin/sh: error importing function definition for `_module_raw'
/bin/sh: ml: line 1: syntax error: unexpected end of file
/bin/sh: error importing function definition for `ml'
/bin/sh: module: line 1: syntax error: unexpected end of file
/bin/sh: error importing function definition for `module'
/bin/sh: scl: line 1: syntax error: unexpected end of file
/bin/sh: error importing function definition for `scl'
/bin/sh: switchml: line 1: syntax error: unexpected end of file
/bin/sh: error importing function definition for `switchml'
/bin/sh: which: line 1: syntax error: unexpected end of file
/bin/sh: error importing function definition for `which'
Running: /home/install/PVS222/tools.lnx86/pvs/bin/64bit/pvsvirt \
  -mode drc \
  -global_log_file /home/students/Desktop/PRACTICE_DESIGNS/Analog/Analog90/Inverter/verification/pvsuidrc.log \
  -control /home/students/Desktop/PRACTICE_DESIGNS/Analog/Analog90/Inverter/verification/pvsdrcctl \
  -cell_tree /home/students/Desktop/PRACTICE_DESIGNS/Analog/Analog90/Inverter/verification/cell_tree.txt \
  -layLibName Analog90 \
  -layCellName Inverter \
  -layViewName av_extracted \
  -igds /home/students/Desktop/PRACTICE_DESIGNS/Analog/Analog90/Inverter/verification/Inverter.gds \
  -layScale 0.0005 \
  -layTechLib gpdk090 \
  -convertPin geometry \
  -replaceBusBitChar nil \
  -noConvertHalfWidthPath nil \
  -layHierDepth 32 \
  -layMaxVertices 2048 \
  -rulesFile /home/students/Desktop/PRACTICE_DESIGNS/Analog/Analog90/Inverter/verification/.technology.rul \
  -df2_version 6.1.8.0 \
  -sign IPVS_1751102549_105803 \
  -run_dir /home/students/Desktop/PRACTICE_DESIGNS/Analog/Analog90/Inverter/verification \
  -no_rules_check



sh: _module_raw: line 1: syntax error: unexpected end of file
sh: error importing function definition for `_module_raw'
sh: ml: line 1: syntax error: unexpected end of file
sh: error importing function definition for `ml'
sh: module: line 1: syntax error: unexpected end of file
sh: error importing function definition for `module'
sh: scl: line 1: syntax error: unexpected end of file
sh: error importing function definition for `scl'
sh: switchml: line 1: syntax error: unexpected end of file
sh: error importing function definition for `switchml'
sh: which: line 1: syntax error: unexpected end of file
sh: error importing function definition for `which'
/bin/sh: switchml: line 1: syntax error: unexpected end of file
/bin/sh: error importing function definition for `switchml'
/bin/sh: which: line 1: syntax error: unexpected end of file
/bin/sh: error importing function definition for `which'
/bin/sh: ml: line 1: syntax error: unexpected end of file
/bin/sh: error importing function definition for `ml'
/bin/sh: _module_raw: line 1: syntax error: unexpected end of file
/bin/sh: error importing function definition for `_module_raw'
/bin/sh: scl: line 1: syntax error: unexpected end of file
/bin/sh: error importing function definition for `scl'
/bin/sh: module: line 1: syntax error: unexpected end of file
/bin/sh: error importing function definition for `module'
sh: switchml: line 1: syntax error: unexpected end of file
sh: error importing function definition for `switchml'
sh: which: line 1: syntax error: unexpected end of file
sh: error importing function definition for `which'
sh: ml: line 1: syntax error: unexpected end of file
sh: error importing function definition for `ml'
sh: _module_raw: line 1: syntax error: unexpected end of file
sh: error importing function definition for `_module_raw'
sh: scl: line 1: syntax error: unexpected end of file
sh: error importing function definition for `scl'
sh: module: line 1: syntax error: unexpected end of file
sh: error importing function definition for `module'
Virtuoso Framework License (111) was checked out successfully. Total checkout time was 0.01s.
sh: switchml: line 1: syntax error: unexpected end of file
sh: error importing function definition for `switchml'
sh: which: line 1: syntax error: unexpected end of file
sh: error importing function definition for `which'
sh: ml: line 1: syntax error: unexpected end of file
sh: error importing function definition for `ml'
sh: _module_raw: line 1: syntax error: unexpected end of file
sh: error importing function definition for `_module_raw'
sh: scl: line 1: syntax error: unexpected end of file
sh: error importing function definition for `scl'
sh: module: line 1: syntax error: unexpected end of file
sh: error importing function definition for `module'
sh: switchml: line 1: syntax error: unexpected end of file
sh: error importing function definition for `switchml'
sh: which: line 1: syntax error: unexpected end of file
sh: error importing function definition for `which'
sh: ml: line 1: syntax error: unexpected end of file
sh: error importing function definition for `ml'
sh: _module_raw: line 1: syntax error: unexpected end of file
sh: error importing function definition for `_module_raw'
sh: scl: line 1: syntax error: unexpected end of file
sh: error importing function definition for `scl'
sh: module: line 1: syntax error: unexpected end of file
sh: error importing function definition for `module'
sh: switchml: line 1: syntax error: unexpected end of file
sh: error importing function definition for `switchml'
sh: which: line 1: syntax error: unexpected end of file
sh: error importing function definition for `which'
sh: ml: line 1: syntax error: unexpected end of file
sh: error importing function definition for `ml'
sh: _module_raw: line 1: syntax error: unexpected end of file
sh: error importing function definition for `_module_raw'
sh: scl: line 1: syntax error: unexpected end of file
sh: error importing function definition for `scl'
sh: module: line 1: syntax error: unexpected end of file
sh: error importing function definition for `module'
sh: switchml: line 1: syntax error: unexpected end of file
sh: error importing function definition for `switchml'
sh: which: line 1: syntax error: unexpected end of file
sh: error importing function definition for `which'
sh: ml: line 1: syntax error: unexpected end of file
sh: error importing function definition for `ml'
sh: _module_raw: line 1: syntax error: unexpected end of file
sh: error importing function definition for `_module_raw'
sh: scl: line 1: syntax error: unexpected end of file
sh: error importing function definition for `scl'
sh: module: line 1: syntax error: unexpected end of file
sh: error importing function definition for `module'
********************************************************************************
Product   : Virtuoso(R) XStream Out
Program   : @(#)$CDS: strmout version 6.1.8-64b 11/15/2022 19:27 (cpgbld01) $
          : sub-version  IC6.1.8-64b.500.29 
Started at: 28-Jun-2025  14:52:32
User Name : students
Host Name : cadence8
Directory : /home/students/Desktop/PRACTICE_DESIGNS/Analog
CADENCE Design Systems, Inc.
********************************************************************************
Info: Cellview Rev Num:99,  Tech Rev Num:59

Loading gpdk090/libInit.il ...
	Loading gpdk090/loadCxt.ile ... done!
	Loading context 'gpdk090' from library 'gpdk090' ... done!
	Loading context 'pdkUtils' from library 'gpdk090' ... done!
	Loading gpdk090/gpdk090_customFilter.il ... done!
	Loading gpdk090/.simrc ... done!
	Loading gpdk090/libInitCustomExit.il ... 	Loading Environment Settings ...
	Loading gpdk090/gpdk090_PDKRegistrations.il ... done!

  *************************************************************           
  *              Cadence Design Systems, Inc.                 *           
  *                                                           *           
  *                    Generic 90nm PDK                       *           
  *                        (gpdk090)                          *           
  *                                                           *           
  *************************************************************           
	

	Version : 4.6

	Build date: 10-FEB-2011

done!
Loaded gpdk090/libInit.il successfully!
INFO (XSTRM-217): Reading the layer map file, /home/install/FOUNDRY/analog/90nm/libs.oa22/gpdk090/gpdk090.layermap
INFO (XSTRM-162): You have not used the '-viaMap' option. If the OpenAccess design has native oaVia instances, use the '-viaMap' option for preserving oaVia instances in a XStream Out - XStream In round trip. Using the '-viaMap' option improves performance and VM usage of applications using the Streamed-In design.

Summary of Options :
library                                 Analog90
strmFile                                /home/students/Desktop/PRACTICE_DESIGNS/Analog/Analog90/Inverter/verification/Inverter.gds
topCell                                 Inverter
view                                    av_extracted
runDir                                  /home/students/Desktop/PRACTICE_DESIGNS/Analog/Analog90/Inverter/verification
logFile                                 /home/students/Desktop/PRACTICE_DESIGNS/Analog/Analog90/Inverter/verification/PIPO1.LOG
techLib                                 gpdk090
hierDepth                               32
maxVertices                             2048
layerMap                                /home/install/FOUNDRY/analog/90nm/libs.oa22/gpdk090/gpdk090.layermap
userSkillFile                           /home/students/Desktop/PRACTICE_DESIGNS/Analog/Analog90/Inverter/verification/strmout.il
labelDepth                              32
case                                    Preserve
convertDot                              node

*WARNING* envSetVal: Can't set the value of variable 'extractVerifySubstrate',
	in tool[.partition] 'layout' - it has not been registered.
WARNING (XSTRM-80094): Cannot open cellview "analogLib/pcapacitor/symbol" with the view type "maskLayout" because this cellview was created with the view type "schematicSymbol". The structure definition corresponding to this master cellview will be missing in the output GDSII/stream file. Importing this GDSII file may result in unbound instances in your design.
WARNING (XSTRM-80094): Cannot open cellview "analogLib/presistor/symbol" with the view type "maskLayout" because this cellview was created with the view type "schematicSymbol". The structure definition corresponding to this master cellview will be missing in the output GDSII/stream file. Importing this GDSII file may result in unbound instances in your design.
INFO (XSTRM-223): 1. Translating cellView gpdk090/pmos1v/ivpcell as STRUCTURE pmos1v_CDNS_1.
WARNING (XSTRM-35): The objects in the layer-purpose pair 'annotate:drawing7' are ignored. This is because the layer-purpose pair used in the design is not specified in the layer map file. Specify the layer-purpose pair in the layer map file and try again.
WARNING (XSTRM-35): The objects in the layer-purpose pair 'device:annotate' are ignored. This is because the layer-purpose pair used in the design is not specified in the layer map file. Specify the layer-purpose pair in the layer map file and try again.
WARNING (XSTRM-35): The objects in the layer-purpose pair 'annotate:drawing' are ignored. This is because the layer-purpose pair used in the design is not specified in the layer map file. Specify the layer-purpose pair in the layer map file and try again.
WARNING (XSTRM-35): The objects in the layer-purpose pair 'annotate:drawing8' are ignored. This is because the layer-purpose pair used in the design is not specified in the layer map file. Specify the layer-purpose pair in the layer map file and try again.
WARNING (XSTRM-35): The objects in the layer-purpose pair 'device:drawing' are ignored. This is because the layer-purpose pair used in the design is not specified in the layer map file. Specify the layer-purpose pair in the layer map file and try again.
WARNING (XSTRM-35): The objects in the layer-purpose pair 'pin:drawing' are ignored. This is because the layer-purpose pair used in the design is not specified in the layer map file. Specify the layer-purpose pair in the layer map file and try again.
WARNING (XSTRM-35): The objects in the layer-purpose pair 'instance:drawing' are ignored. This is because the layer-purpose pair used in the design is not specified in the layer map file. Specify the layer-purpose pair in the layer map file and try again.
WARNING (XSTRM-399): The STRUCT 'pmos1v_CDNS_1' generated for 'gpdk090/pmos1v/ivpcell' in GDS is empty because either the design is empty or no shape or object was translated.
INFO (XSTRM-223): 2. Translating cellView gpdk090/nmos1v/ivpcell as STRUCTURE nmos1v_CDNS_2.
WARNING (XSTRM-399): The STRUCT 'nmos1v_CDNS_2' generated for 'gpdk090/nmos1v/ivpcell' in GDS is empty because either the design is empty or no shape or object was translated.
INFO (XSTRM-223): 3. Translating cellView Analog90/Inverter/av_extracted as STRUCTURE Inverter.
WARNING (XSTRM-35): The objects in the layer-purpose pair 'Poly:net' are ignored. This is because the layer-purpose pair used in the design is not specified in the layer map file. Specify the layer-purpose pair in the layer map file and try again.
WARNING (XSTRM-35): The objects in the layer-purpose pair 'Nwell:net' are ignored. This is because the layer-purpose pair used in the design is not specified in the layer map file. Specify the layer-purpose pair in the layer map file and try again.
WARNING (XSTRM-35): The objects in the layer-purpose pair 'Nimp:net' are ignored. This is because the layer-purpose pair used in the design is not specified in the layer map file. Specify the layer-purpose pair in the layer map file and try again.
WARNING (XSTRM-35): The objects in the layer-purpose pair 'Pimp:net' are ignored. This is because the layer-purpose pair used in the design is not specified in the layer map file. Specify the layer-purpose pair in the layer map file and try again.

Summary of Objects Translated:
	Scalar Instances:                       27
	Array Instances:                        0
	Polygons:                               6
	Paths:                                  0
	Rectangles:                             18
	Lines:                                  0
	Arcs:                                   0
	Donuts:                                 0
	Dots:                                   0
	Ellipses:                               0
	Boundaries:                             0
	Area Blockages:                         0
	Layer Blockages:                        0
	Area Halos:                             0
	Markers:                                0
	Rows:                                   0
	Standard Vias                           0
	Custom Vias:                            0
	CdsGen Vias:                            0
	Pathsegs:                               0
	Text:                                   0
	TextDisplay:                            0
	Cells:                                  3

Elapsed Time: 1.4s   User Time: 0.2s   CPU Time: 0.0s   Peak VM: 8668KB
INFO (XSTRM-234): Translation completed. '0' error(s) and '15' warning(s) found.


sh: _module_raw: line 1: syntax error: unexpected end of file
sh: error importing function definition for `_module_raw'
sh: ml: line 1: syntax error: unexpected end of file
sh: error importing function definition for `ml'
sh: module: line 1: syntax error: unexpected end of file
sh: error importing function definition for `module'
sh: scl: line 1: syntax error: unexpected end of file
sh: error importing function definition for `scl'
sh: switchml: line 1: syntax error: unexpected end of file
sh: error importing function definition for `switchml'
sh: which: line 1: syntax error: unexpected end of file
sh: error importing function definition for `which'
/bin/sh: switchml: line 1: syntax error: unexpected end of file
/bin/sh: error importing function definition for `switchml'
/bin/sh: which: line 1: syntax error: unexpected end of file
/bin/sh: error importing function definition for `which'
/bin/sh: ml: line 1: syntax error: unexpected end of file
/bin/sh: error importing function definition for `ml'
/bin/sh: _module_raw: line 1: syntax error: unexpected end of file
/bin/sh: error importing function definition for `_module_raw'
/bin/sh: scl: line 1: syntax error: unexpected end of file
/bin/sh: error importing function definition for `scl'
/bin/sh: module: line 1: syntax error: unexpected end of file
/bin/sh: error importing function definition for `module'
********************************************************************************
pvs 22.20-p031 64 bit (Thu Nov 17 19:06:38 PST 2022)
Build Ref No.: 031 Production (11-17-2022) [pvs_2220]

Copyright 2022 Cadence Design Systems, Inc.
All rights reserved worldwide.

Build O/S:       Linux x86_64 3.10.0-693.el7.x86_64
Executed on:     cadence8 (Linux x86_64 4.18.0-425.3.1.el8.x86_64)
Process Id:      427861
Starting Time:   Sat Jun 28 14:52:33 2025 (Sat Jun 28 09:22:33 2025 GMT)
With parameters: -drc -top_cell Inverter -ui_data -control /home/students/Desktop/PRACTICE_DESIGNS/Analog/Analog90/Inverter/verification/pvsdrcctl -cell_tree /home/students/Desktop/PRACTICE_DESIGNS/Analog/Analog90/Inverter/verification/cell_tree.txt -ai /home/students/Desktop/PRACTICE_DESIGNS/Analog/Analog90/Inverter/verification/.technology.rul 
********************************************************************************


########################################################################
Get host info ...
########################################################################
CPU info:
    model name      :  Intel(R) Core(TM) i5-7400 CPU @ 3.00GHz
    cpu MHz         :  3000.000
    cache size      :  6144 KB
    physical cores  :  4
    logical cores   :  4

Memory info:
    3612M physical memory installed.

    MemTotal:        3701960 kB
    MemFree:          122684 kB
    MemAvailable:    1034152 kB
    Buffers:              68 kB
    Cached:          1455364 kB
    SwapCached:        52840 kB
    Active:          1496440 kB
    Inactive:        1660132 kB
    Active(anon):    1125776 kB
    Inactive(anon):   974564 kB
    Active(file):     370664 kB
    Inactive(file):   685568 kB
    Unevictable:       40028 kB
    Mlocked:               0 kB
    SwapTotal:       8218620 kB
    SwapFree:        6987576 kB
    Dirty:               940 kB
    Writeback:          1232 kB
    AnonPages:       1700700 kB
    Mapped:           339196 kB
    Shmem:            399152 kB
    KReclaimable:     117956 kB
    Slab:             224032 kB
    SReclaimable:     117956 kB
    SUnreclaim:       106076 kB
    KernelStack:        9760 kB
    PageTables:        73332 kB
    NFS_Unstable:          0 kB
    Bounce:                0 kB
    WritebackTmp:          0 kB
    CommitLimit:    10069600 kB
    Committed_AS:   36261320 kB
    VmallocTotal:   34359738367 kB
    VmallocUsed:           0 kB
    VmallocChunk:          0 kB
    Percpu:             3264 kB
    HardwareCorrupted:     0 kB
    AnonHugePages:    765952 kB
    ShmemHugePages:        0 kB
    ShmemPmdMapped:        0 kB
    FileHugePages:         0 kB
    FilePmdMapped:         0 kB
    HugePages_Total:       0
    HugePages_Free:        0
    HugePages_Rsvd:        0
    HugePages_Surp:        0
    Hugepagesize:       2048 kB
    Hugetlb:               0 kB
    DirectMap4k:     1876752 kB
    DirectMap2M:     2199552 kB
    DirectMap1G:           0 kB

sh: switchml: line 1: syntax error: unexpected end of file
sh: error importing function definition for `switchml'
sh: which: line 1: syntax error: unexpected end of file
sh: error importing function definition for `which'
sh: ml: line 1: syntax error: unexpected end of file
sh: error importing function definition for `ml'
sh: _module_raw: line 1: syntax error: unexpected end of file
sh: error importing function definition for `_module_raw'
sh: scl: line 1: syntax error: unexpected end of file
sh: error importing function definition for `scl'
sh: module: line 1: syntax error: unexpected end of file
sh: error importing function definition for `module'

########################################################################
Get environment info ...
########################################################################
ENV VAR: TCL_LIBRARY = /home/install/PVS222/share/lib/tcltk/08.64/tcl8.6
ENV VAR: TCLX_LIBRARY = /home/install/PVS222/share/lib/tclx/08.40
ENV VAR: TCLLIBPATH = /home/install/PVS222/share/lib/itcl/3.4.1 /home/install/PVS222/share/lib/tclxml/3.2 /home/install/PVS222/share/lib/tcllib/1.18 /home/install/PVS222/share/lib/itcl/3.4.1 /home/install/PVS222/share/lib/tclxml/3.2 /home/install/PVS222/share/lib/tcllib/1.18 /home/install/PVS222/share/lib/itcl/3.4.1 /home/install/PVS222/share/lib/tclxml/3.2 /home/install/PVS222/share/lib/tcllib/1.18 


########################################################################
Parsing Control File /home/students/Desktop/PRACTICE_DESIGNS/Analog/Analog90/Inverter/verification/pvsdrcctl ...
########################################################################
TEXT_DEPTH -primary;
VIRTUAL_CONNECT -colon no;
VIRTUAL_CONNECT -semicolon_as_colon yes;
VIRTUAL_CONNECT -report no;
VIRTUAL_CONNECT -depth -primary;
REPORT_SUMMARY -drc "Inverter.sum" -replace;
MAX_RESULTS -drc 1000;
MAX_VERTEX -drc 4096;
RESULTS_DB -drc "/home/students/Desktop/PRACTICE_DESIGNS/Analog/Analog90/Inverter/verification/Inverter.drc_errors.ascii" -ascii;
KEEP_LAYERS -none;
ABORT_ON_LAYOUT_ERROR yes;
LAYOUT_FORMAT gdsii;
LAYOUT_PATH "/home/students/Desktop/PRACTICE_DESIGNS/Analog/Analog90/Inverter/verification/Inverter.gds";

########################################################################
Parsing Rule File /home/students/Desktop/PRACTICE_DESIGNS/Analog/Analog90/Inverter/verification/.technology.rul ...
########################################################################
TECHNOLOGY gpdk090 -ruleSet default -techLib /home/install/Physical_Verification/PVS_90nm/pvtech.lib;
[INFO] TECHNOLOGY: Rules file /home/install/Physical_Verification/PVS_90nm/PVS_RULES/drc.pvl will be included after the remainder of the current rules are processed.
[INFO] TECHNOLOGY gpdk090 -techLib /home/install/Physical_Verification/PVS_90nm/pvtech.lib: End of additions.
GROUP_RULES shapes ogShape*;
GROUP_RULES numbers l__*;
GROUP_RULES ptap_stamperrors ptap*;
GROUP_RULES ntap_stamperrors ntap*;
GROUP_RULES nb_stamptap_errors nb_tap*;
GROUP_RULES psub_stamperrors psubstrate*;
GROUP_RULES nwell_stamperrors nwell*;
GROUP_RULES nburied_stamperrors nburied*;
GROUP_RULES other_stamp_errors l*stamp*;
GROUP_RULES NBL_errors NBL*;
GROUP_RULES NW_errors NW*;
GROUP_RULES NWR_errors NWR*;
GROUP_RULES OXIDE_errors OXIDER* OXIDE.*;
GROUP_RULES THICKOXIDE_errors OXIDETHK*;
GROUP_RULES NHVT_errors NHVT*;
GROUP_RULES PHVT_errors PHVT*;
GROUP_RULES NZVT_errors NZVT*;
GROUP_RULES POLY_errors POLY.*;
GROUP_RULES POLYR_errors POLYR*;
GROUP_RULES NIMP_errors NIMP*;
GROUP_RULES PIMP_errors PIMP*;
GROUP_RULES CONT_errors CONT*;
GROUP_RULES SIPROT_errors SIPROT*;
GROUP_RULES METAL1_errors METAL1*;
GROUP_RULES METAL2_errors METAL2*;
GROUP_RULES METAL3_errors METAL3*;
GROUP_RULES METAL4_errors METAL4*;
GROUP_RULES METAL5_errors METAL5*;
GROUP_RULES METAL6_errors METAL6*;
GROUP_RULES METAL7_errors METAL7*;
GROUP_RULES METAL8_errors METAL8*;
GROUP_RULES METAL9_errors METAL9*;
GROUP_RULES VIA_errors VIA*;
GROUP_RULES LATCHUP_errors LATCHUP*;
GROUP_RULES SLOT_errors MSLOT*;
GROUP_RULES ESD_errors ESD*;
GROUP_RULES BONDPAD_errors BONDPAD*;
SELECT_CHECK -DRC shapes numbers ptap_stamperrors ntap_stamperrors nb_stamptap_errors psub_stamperrors nwell_stamperrors nburied_stamperrors other_stamp_errors;
SELECT_CHECK -DRC NBL_errors NW_errors NWR_errors OXIDE_errors THICKOXIDE_errors NHVT_errors PHVT_errors NZVT_errors;
SELECT_CHECK -DRC POLY_errors POLYR_errors NIMP_errors PIMP_errors OXIDE_errors;
SELECT_CHECK -DRC CONT_errors VIA_errors;
SELECT_CHECK -DRC METAL1_errors METAL2_errors METAL3_errors METAL4_errors METAL5_errors METAL6_errors METAL7_errors METAL8_errors METAL9_errors;
SELECT_CHECK -DRC SIPROT_errors LATCHUP_errors SLOT_errors ESD_errors BONDPAD_errors non45Errors offGridErrors;
CELL_CASE yes;
[WARN] Command CELL_CASE at line 53 in file /home/install/Physical_Verification/PVS_90nm/PVS_RULES/drc.pvl is obsoleted.

INPUT_SCALE 2000;
LAYOUT_CASE_SENSITIVE yes;
SCHEMATIC_CASE_SENSITIVE yes;
VIRTUAL_CONNECT -NAME VDD?;
[WARN]: VIRTUAL_CONNECT -name at line 57 in file /home/install/Physical_Verification/PVS_90nm/PVS_RULES/drc.pvl is skipped. It is set in control file.
VIRTUAL_CONNECT -NAME VSS?;
[WARN]: VIRTUAL_CONNECT -name at line 58 in file /home/install/Physical_Verification/PVS_90nm/PVS_RULES/drc.pvl is skipped. It is set in control file.
MAX_RESULTS -drc -all;
[WARN]: MAX_RESULTS -drc at line 59 in file /home/install/Physical_Verification/PVS_90nm/PVS_RULES/drc.pvl is skipped. It is set in control file.
INCR_CONN yes;
VIRTUAL_CONNECT -COLON yes;
[WARN]: VIRTUAL_CONNECT -colon at line 62 in file /home/install/Physical_Verification/PVS_90nm/PVS_RULES/drc.pvl is skipped. It is set in control file.
LAYOUT_FORMAT GDSII;
[WARN]: LAYOUT_FORMAT at line 64 in file /home/install/Physical_Verification/PVS_90nm/PVS_RULES/drc.pvl is skipped. It is set in control file.
LAYOUT_PATH "./anlg_cntl.gds";
[WARN]: LAYOUT_PATH at line 65 in file /home/install/Physical_Verification/PVS_90nm/PVS_RULES/drc.pvl is skipped. It is set in control file.
LAYOUT_PRIMARY "anlg_cntl";
[WARN] Cmd-line override: LAYOUT_PRIMARY "Inverter";
TEXT_DEPTH -all;
[WARN]: TEXT_DEPTH at line 67 in file /home/install/Physical_Verification/PVS_90nm/PVS_RULES/drc.pvl is skipped. It is set in control file.
UNIT -length u;
LAYER_MAP 36 -datatype 0 8191;
LAYER_DEF bondpad 8191;
LAYER_MAP 14 -datatype 0 8190;
LAYER_DEF capmetal 8190;
LAYER_MAP 6 -datatype 0 8189;
LAYER_DEF cont 8189;
LAYER_MAP 74 -datatype 0 8188;
LAYER_DEF esddummy 8188;
LAYER_MAP 17 -datatype 0 8187;
LAYER_DEF ind2dummy 8187;
LAYER_MAP 70 -datatype 0 8186;
LAYER_DEF ind3dummy 8186;
LAYER_MAP 16 -datatype 0 8185;
LAYER_DEF inddummy 8185;
LAYER_MAP 75 -datatype 0 8184;
LAYER_DEF m1resdum 8184;
LAYER_MAP 76 -datatype 0 8183;
LAYER_DEF m2resdum 8183;
LAYER_MAP 77 -datatype 0 8182;
LAYER_DEF m3resdum 8182;
LAYER_MAP 78 -datatype 0 8181;
LAYER_DEF m4resdum 8181;
LAYER_MAP 79 -datatype 0 8180;
LAYER_DEF m5resdum 8180;
LAYER_MAP 80 -datatype 0 8179;
LAYER_DEF m6resdum 8179;
LAYER_MAP 81 -datatype 0 8178;
LAYER_DEF m7resdum 8178;
LAYER_MAP 82 -datatype 0 8177;
LAYER_DEF m8resdum 8177;
LAYER_MAP 83 -datatype 0 8176;
LAYER_DEF m9resdum 8176;
LAYER_MAP 7 -datatype 0 8175;
LAYER_DEF metal1_d 8175;
LAYER_MAP 7 -texttype 3 8174;
LAYER_DEF intersection__metal1_d_text__metal1_p_text 8174;
LAYER_DEF metal1_d_text intersection__metal1_d_text__metal1_p_text;
PORT -TEXT_LAYER metal1_d_text;
LAYER_MAP 7 -datatype 5 8173;
LAYER_DEF metal1_f 8173;
LAYER_MAP 7 -datatype 4 8172;
LAYER_DEF metal1_n 8172;
LAYER_MAP 7 -datatype 1 8171;
LAYER_DEF metal1_p 8171;
LAYER_DEF metal1_p_text intersection__metal1_d_text__metal1_p_text;
PORT -TEXT_LAYER metal1_p_text;
LAYER_MAP 7 -datatype 2 8170;
LAYER_DEF metal1_slot 8170;
LAYER_MAP 9 -datatype 0 8169;
LAYER_DEF metal2_d 8169;
LAYER_MAP 9 -texttype 3 8168;
LAYER_DEF intersection__metal2_d_text__metal2_p_text 8168;
LAYER_DEF metal2_d_text intersection__metal2_d_text__metal2_p_text;
PORT -TEXT_LAYER metal2_d_text;
LAYER_MAP 9 -datatype 5 8167;
LAYER_DEF metal2_f 8167;
LAYER_MAP 9 -datatype 4 8166;
LAYER_DEF metal2_n 8166;
LAYER_MAP 9 -datatype 1 8165;
LAYER_DEF metal2_p 8165;
LAYER_DEF metal2_p_text intersection__metal2_d_text__metal2_p_text;
PORT -TEXT_LAYER metal2_p_text;
LAYER_MAP 9 -datatype 2 8164;
LAYER_DEF metal2_slot 8164;
LAYER_MAP 11 -datatype 0 8163;
LAYER_DEF metal3_d 8163;
LAYER_MAP 11 -texttype 3 8162;
LAYER_DEF intersection__metal3_d_text__metal3_p_text 8162;
LAYER_DEF metal3_d_text intersection__metal3_d_text__metal3_p_text;
PORT -TEXT_LAYER metal3_d_text;
LAYER_MAP 11 -datatype 5 8161;
LAYER_DEF metal3_f 8161;
LAYER_MAP 11 -datatype 4 8160;
LAYER_DEF metal3_n 8160;
LAYER_MAP 11 -datatype 1 8159;
LAYER_DEF metal3_p 8159;
LAYER_DEF metal3_p_text intersection__metal3_d_text__metal3_p_text;
PORT -TEXT_LAYER metal3_p_text;
LAYER_MAP 11 -datatype 2 8158;
LAYER_DEF metal3_slot 8158;
LAYER_MAP 31 -datatype 0 8157;
LAYER_DEF metal4_d 8157;
LAYER_MAP 31 -texttype 3 8156;
LAYER_DEF intersection__metal4_d_text__metal4_p_text 8156;
LAYER_DEF metal4_d_text intersection__metal4_d_text__metal4_p_text;
PORT -TEXT_LAYER metal4_d_text;
LAYER_MAP 31 -datatype 5 8155;
LAYER_DEF metal4_f 8155;
LAYER_MAP 31 -datatype 4 8154;
LAYER_DEF metal4_n 8154;
LAYER_MAP 31 -datatype 1 8153;
LAYER_DEF metal4_p 8153;
LAYER_DEF metal4_p_text intersection__metal4_d_text__metal4_p_text;
PORT -TEXT_LAYER metal4_p_text;
LAYER_MAP 31 -datatype 2 8152;
LAYER_DEF metal4_slot 8152;
LAYER_MAP 33 -datatype 0 8151;
LAYER_DEF metal5_d 8151;
LAYER_MAP 33 -texttype 3 8150;
LAYER_DEF intersection__metal5_d_text__metal5_p_text 8150;
LAYER_DEF metal5_d_text intersection__metal5_d_text__metal5_p_text;
PORT -TEXT_LAYER metal5_d_text;
LAYER_MAP 33 -datatype 5 8149;
LAYER_DEF metal5_f 8149;
LAYER_MAP 33 -datatype 4 8148;
LAYER_DEF metal5_n 8148;
LAYER_MAP 33 -datatype 1 8147;
LAYER_DEF metal5_p 8147;
LAYER_DEF metal5_p_text intersection__metal5_d_text__metal5_p_text;
PORT -TEXT_LAYER metal5_p_text;
LAYER_MAP 33 -datatype 2 8146;
LAYER_DEF metal5_slot 8146;
LAYER_MAP 35 -datatype 0 8145;
LAYER_DEF metal6_d 8145;
LAYER_MAP 35 -texttype 3 8144;
LAYER_DEF intersection__metal6_d_text__metal6_p_text 8144;
LAYER_DEF metal6_d_text intersection__metal6_d_text__metal6_p_text;
PORT -TEXT_LAYER metal6_d_text;
LAYER_MAP 35 -datatype 5 8143;
LAYER_DEF metal6_f 8143;
LAYER_MAP 35 -datatype 4 8142;
LAYER_DEF metal6_n 8142;
LAYER_MAP 35 -datatype 1 8141;
LAYER_DEF metal6_p 8141;
LAYER_DEF metal6_p_text intersection__metal6_d_text__metal6_p_text;
PORT -TEXT_LAYER metal6_p_text;
LAYER_MAP 35 -datatype 2 8140;
LAYER_DEF metal6_slot 8140;
LAYER_MAP 38 -datatype 0 8139;
LAYER_DEF metal7_d 8139;
LAYER_MAP 38 -texttype 3 8138;
LAYER_DEF intersection__metal7_d_text__metal7_p_text 8138;
LAYER_DEF metal7_d_text intersection__metal7_d_text__metal7_p_text;
PORT -TEXT_LAYER metal7_d_text;
LAYER_MAP 38 -datatype 5 8137;
LAYER_DEF metal7_f 8137;
LAYER_MAP 38 -datatype 4 8136;
LAYER_DEF metal7_n 8136;
LAYER_MAP 38 -datatype 1 8135;
LAYER_DEF metal7_p 8135;
LAYER_DEF metal7_p_text intersection__metal7_d_text__metal7_p_text;
PORT -TEXT_LAYER metal7_p_text;
LAYER_MAP 38 -datatype 2 8134;
LAYER_DEF metal7_slot 8134;
LAYER_MAP 40 -datatype 0 8133;
LAYER_DEF metal8_d 8133;
LAYER_MAP 40 -texttype 3 8132;
LAYER_DEF intersection__metal8_d_text__metal8_p_text 8132;
LAYER_DEF metal8_d_text intersection__metal8_d_text__metal8_p_text;
PORT -TEXT_LAYER metal8_d_text;
LAYER_MAP 40 -datatype 5 8131;
LAYER_DEF metal8_f 8131;
LAYER_MAP 40 -datatype 4 8130;
LAYER_DEF metal8_n 8130;
LAYER_MAP 40 -datatype 1 8129;
LAYER_DEF metal8_p 8129;
LAYER_DEF metal8_p_text intersection__metal8_d_text__metal8_p_text;
PORT -TEXT_LAYER metal8_p_text;
LAYER_MAP 40 -datatype 2 8128;
LAYER_DEF metal8_slot 8128;
LAYER_MAP 42 -datatype 0 8127;
LAYER_DEF metal9_d 8127;
LAYER_MAP 42 -texttype 3 8126;
LAYER_DEF intersection__metal9_d_text__metal9_p_text 8126;
LAYER_DEF metal9_d_text intersection__metal9_d_text__metal9_p_text;
PORT -TEXT_LAYER metal9_d_text;
LAYER_MAP 42 -datatype 5 8125;
LAYER_DEF metal9_f 8125;
LAYER_MAP 42 -datatype 4 8124;
LAYER_DEF metal9_n 8124;
LAYER_MAP 42 -datatype 1 8123;
LAYER_DEF metal9_p 8123;
LAYER_DEF metal9_p_text intersection__metal9_d_text__metal9_p_text;
PORT -TEXT_LAYER metal9_p_text;
LAYER_MAP 42 -datatype 2 8122;
LAYER_DEF metal9_slot 8122;
LAYER_MAP 20 -datatype 0 8121;
LAYER_DEF npndummy 8121;
LAYER_MAP 19 -datatype 0 8120;
LAYER_DEF nburied 8120;
LAYER_MAP 18 -datatype 0 8119;
LAYER_DEF nhvt 8119;
LAYER_MAP 4 -datatype 0 8118;
LAYER_DEF nimp 8118;
LAYER_MAP 2 -datatype 0 8117;
LAYER_DEF nwell 8117;
LAYER_MAP 52 -datatype 0 8116;
LAYER_DEF nzvt 8116;
LAYER_MAP 1 -datatype 0 8115;
LAYER_DEF oxide 8115;
LAYER_MAP 24 -datatype 0 8114;
LAYER_DEF oxide_thk 8114;
LAYER_MAP 21 -datatype 0 8113;
LAYER_DEF pnpdummy 8113;
LAYER_MAP 23 -datatype 0 8112;
LAYER_DEF phvt 8112;
LAYER_MAP 5 -datatype 0 8111;
LAYER_DEF pimp 8111;
LAYER_MAP 3 -datatype 0 8110;
LAYER_DEF poly 8110;
LAYER_MAP 25 -datatype 0 8109;
LAYER_DEF psub 8109;
LAYER_MAP 71 -datatype 0 8108;
LAYER_DEF reswdum 8108;
LAYER_MAP 13 -datatype 0 8107;
LAYER_DEF resdum 8107;
LAYER_MAP 72 -datatype 0 8106;
LAYER_DEF siprot 8106;
LAYER_MAP 8 -datatype 0 8105;
LAYER_DEF via1 8105;
LAYER_MAP 10 -datatype 0 8104;
LAYER_DEF via2 8104;
LAYER_MAP 30 -datatype 0 8103;
LAYER_DEF via3 8103;
LAYER_MAP 32 -datatype 0 8102;
LAYER_DEF via4 8102;
LAYER_MAP 34 -datatype 0 8101;
LAYER_DEF via5 8101;
LAYER_MAP 37 -datatype 0 8100;
LAYER_DEF via6 8100;
LAYER_MAP 39 -datatype 0 8099;
LAYER_DEF via7 8099;
LAYER_MAP 41 -datatype 0 8098;
LAYER_DEF via8 8098;
EXTENT bulk;

RULE ogShape__106 {
    CAPTION offGridShapeErrors: off grid polygon on layer Bondpad ;
    OFFGRID bondpad 5;
}

RULE ogShape__107 {
    CAPTION offGridShapeErrors: off grid polygon on layer CapMetal ;
    OFFGRID capmetal 5;
}

RULE ogShape__108 {
    CAPTION offGridShapeErrors: off grid polygon on layer Cont ;
    OFFGRID cont 5;
}

RULE ogShape__109 {
    CAPTION offGridShapeErrors: off grid polygon on layer ESDdummy ;
    OFFGRID esddummy 5;
}

RULE ogShape__110 {
    CAPTION offGridShapeErrors: off grid polygon on layer IND2dummy ;
    OFFGRID ind2dummy 5;
}

RULE ogShape__111 {
    CAPTION offGridShapeErrors: off grid polygon on layer IND3dummy ;
    OFFGRID ind3dummy 5;
}

RULE ogShape__112 {
    CAPTION offGridShapeErrors: off grid polygon on layer INDdummy ;
    OFFGRID inddummy 5;
}

RULE ogShape__113 {
    CAPTION offGridShapeErrors: off grid polygon on layer M1Resdum ;
    OFFGRID m1resdum 5;
}

RULE ogShape__114 {
    CAPTION offGridShapeErrors: off grid polygon on layer M2Resdum ;
    OFFGRID m2resdum 5;
}

RULE ogShape__115 {
    CAPTION offGridShapeErrors: off grid polygon on layer M3Resdum ;
    OFFGRID m3resdum 5;
}

RULE ogShape__116 {
    CAPTION offGridShapeErrors: off grid polygon on layer M4Resdum ;
    OFFGRID m4resdum 5;
}

RULE ogShape__117 {
    CAPTION offGridShapeErrors: off grid polygon on layer M5Resdum ;
    OFFGRID m5resdum 5;
}

RULE ogShape__118 {
    CAPTION offGridShapeErrors: off grid polygon on layer M6Resdum ;
    OFFGRID m6resdum 5;
}

RULE ogShape__119 {
    CAPTION offGridShapeErrors: off grid polygon on layer M7Resdum ;
    OFFGRID m7resdum 5;
}

RULE ogShape__120 {
    CAPTION offGridShapeErrors: off grid polygon on layer M8Resdum ;
    OFFGRID m8resdum 5;
}

RULE ogShape__121 {
    CAPTION offGridShapeErrors: off grid polygon on layer M9Resdum ;
    OFFGRID m9resdum 5;
}

RULE ogShape__122 {
    CAPTION offGridShapeErrors: off grid polygon on layer Metal1_d ;
    OFFGRID metal1_d 5;
}

RULE ogShape__123 {
    CAPTION offGridShapeErrors: off grid polygon on layer Metal1_f ;
    OFFGRID metal1_f 5;
}

RULE ogShape__124 {
    CAPTION offGridShapeErrors: off grid polygon on layer Metal1_n ;
    OFFGRID metal1_n 5;
}

RULE ogShape__125 {
    CAPTION offGridShapeErrors: off grid polygon on layer Metal1_p ;
    OFFGRID metal1_p 5;
}

RULE ogShape__126 {
    CAPTION offGridShapeErrors: off grid polygon on layer Metal1_slot ;
    OFFGRID metal1_slot 5;
}

RULE ogShape__127 {
    CAPTION offGridShapeErrors: off grid polygon on layer Metal2_d ;
    OFFGRID metal2_d 5;
}

RULE ogShape__128 {
    CAPTION offGridShapeErrors: off grid polygon on layer Metal2_f ;
    OFFGRID metal2_f 5;
}

RULE ogShape__129 {
    CAPTION offGridShapeErrors: off grid polygon on layer Metal2_n ;
    OFFGRID metal2_n 5;
}

RULE ogShape__130 {
    CAPTION offGridShapeErrors: off grid polygon on layer Metal2_p ;
    OFFGRID metal2_p 5;
}

RULE ogShape__131 {
    CAPTION offGridShapeErrors: off grid polygon on layer Metal2_slot ;
    OFFGRID metal2_slot 5;
}

RULE ogShape__132 {
    CAPTION offGridShapeErrors: off grid polygon on layer Metal3_d ;
    OFFGRID metal3_d 5;
}

RULE ogShape__133 {
    CAPTION offGridShapeErrors: off grid polygon on layer Metal3_f ;
    OFFGRID metal3_f 5;
}

RULE ogShape__134 {
    CAPTION offGridShapeErrors: off grid polygon on layer Metal3_n ;
    OFFGRID metal3_n 5;
}

RULE ogShape__135 {
    CAPTION offGridShapeErrors: off grid polygon on layer Metal3_p ;
    OFFGRID metal3_p 5;
}

RULE ogShape__136 {
    CAPTION offGridShapeErrors: off grid polygon on layer Metal3_slot ;
    OFFGRID metal3_slot 5;
}

RULE ogShape__137 {
    CAPTION offGridShapeErrors: off grid polygon on layer Metal4_d ;
    OFFGRID metal4_d 5;
}

RULE ogShape__138 {
    CAPTION offGridShapeErrors: off grid polygon on layer Metal4_f ;
    OFFGRID metal4_f 5;
}

RULE ogShape__139 {
    CAPTION offGridShapeErrors: off grid polygon on layer Metal4_n ;
    OFFGRID metal4_n 5;
}

RULE ogShape__140 {
    CAPTION offGridShapeErrors: off grid polygon on layer Metal4_p ;
    OFFGRID metal4_p 5;
}

RULE ogShape__141 {
    CAPTION offGridShapeErrors: off grid polygon on layer Metal4_slot ;
    OFFGRID metal4_slot 5;
}

RULE ogShape__142 {
    CAPTION offGridShapeErrors: off grid polygon on layer Metal5_d ;
    OFFGRID metal5_d 5;
}

RULE ogShape__143 {
    CAPTION offGridShapeErrors: off grid polygon on layer Metal5_f ;
    OFFGRID metal5_f 5;
}

RULE ogShape__144 {
    CAPTION offGridShapeErrors: off grid polygon on layer Metal5_n ;
    OFFGRID metal5_n 5;
}

RULE ogShape__145 {
    CAPTION offGridShapeErrors: off grid polygon on layer Metal5_p ;
    OFFGRID metal5_p 5;
}

RULE ogShape__146 {
    CAPTION offGridShapeErrors: off grid polygon on layer Metal5_slot ;
    OFFGRID metal5_slot 5;
}

RULE ogShape__147 {
    CAPTION offGridShapeErrors: off grid polygon on layer Metal6_d ;
    OFFGRID metal6_d 5;
}

RULE ogShape__148 {
    CAPTION offGridShapeErrors: off grid polygon on layer Metal6_f ;
    OFFGRID metal6_f 5;
}

RULE ogShape__149 {
    CAPTION offGridShapeErrors: off grid polygon on layer Metal6_n ;
    OFFGRID metal6_n 5;
}

RULE ogShape__150 {
    CAPTION offGridShapeErrors: off grid polygon on layer Metal6_p ;
    OFFGRID metal6_p 5;
}

RULE ogShape__151 {
    CAPTION offGridShapeErrors: off grid polygon on layer Metal6_slot ;
    OFFGRID metal6_slot 5;
}

RULE ogShape__152 {
    CAPTION offGridShapeErrors: off grid polygon on layer Metal7_d ;
    OFFGRID metal7_d 5;
}

RULE ogShape__153 {
    CAPTION offGridShapeErrors: off grid polygon on layer Metal7_f ;
    OFFGRID metal7_f 5;
}

RULE ogShape__154 {
    CAPTION offGridShapeErrors: off grid polygon on layer Metal7_n ;
    OFFGRID metal7_n 5;
}

RULE ogShape__155 {
    CAPTION offGridShapeErrors: off grid polygon on layer Metal7_p ;
    OFFGRID metal7_p 5;
}

RULE ogShape__156 {
    CAPTION offGridShapeErrors: off grid polygon on layer Metal7_slot ;
    OFFGRID metal7_slot 5;
}

RULE ogShape__157 {
    CAPTION offGridShapeErrors: off grid polygon on layer Metal8_d ;
    OFFGRID metal8_d 5;
}

RULE ogShape__158 {
    CAPTION offGridShapeErrors: off grid polygon on layer Metal8_f ;
    OFFGRID metal8_f 5;
}

RULE ogShape__159 {
    CAPTION offGridShapeErrors: off grid polygon on layer Metal8_n ;
    OFFGRID metal8_n 5;
}

RULE ogShape__160 {
    CAPTION offGridShapeErrors: off grid polygon on layer Metal8_p ;
    OFFGRID metal8_p 5;
}

RULE ogShape__161 {
    CAPTION offGridShapeErrors: off grid polygon on layer Metal8_slot ;
    OFFGRID metal8_slot 5;
}

RULE ogShape__162 {
    CAPTION offGridShapeErrors: off grid polygon on layer Metal9_d ;
    OFFGRID metal9_d 5;
}

RULE ogShape__163 {
    CAPTION offGridShapeErrors: off grid polygon on layer Metal9_f ;
    OFFGRID metal9_f 5;
}

RULE ogShape__164 {
    CAPTION offGridShapeErrors: off grid polygon on layer Metal9_n ;
    OFFGRID metal9_n 5;
}

RULE ogShape__165 {
    CAPTION offGridShapeErrors: off grid polygon on layer Metal9_p ;
    OFFGRID metal9_p 5;
}

RULE ogShape__166 {
    CAPTION offGridShapeErrors: off grid polygon on layer Metal9_slot ;
    OFFGRID metal9_slot 5;
}

RULE ogShape__167 {
    CAPTION offGridShapeErrors: off grid polygon on layer NPNdummy ;
    OFFGRID npndummy 5;
}

RULE ogShape__168 {
    CAPTION offGridShapeErrors: off grid polygon on layer Nburied ;
    OFFGRID nburied 5;
}

RULE ogShape__169 {
    CAPTION offGridShapeErrors: off grid polygon on layer Nhvt ;
    OFFGRID nhvt 5;
}

RULE ogShape__170 {
    CAPTION offGridShapeErrors: off grid polygon on layer Nimp ;
    OFFGRID nimp 5;
}

RULE ogShape__171 {
    CAPTION offGridShapeErrors: off grid polygon on layer Nwell ;
    OFFGRID nwell 5;
}

RULE ogShape__172 {
    CAPTION offGridShapeErrors: off grid polygon on layer Nzvt ;
    OFFGRID nzvt 5;
}

RULE ogShape__173 {
    CAPTION offGridShapeErrors: off grid polygon on layer Oxide ;
    OFFGRID oxide 5;
}

RULE ogShape__174 {
    CAPTION offGridShapeErrors: off grid polygon on layer Oxide_thk ;
    OFFGRID oxide_thk 5;
}

RULE ogShape__175 {
    CAPTION offGridShapeErrors: off grid polygon on layer PNPdummy ;
    OFFGRID pnpdummy 5;
}

RULE ogShape__176 {
    CAPTION offGridShapeErrors: off grid polygon on layer Phvt ;
    OFFGRID phvt 5;
}

RULE ogShape__177 {
    CAPTION offGridShapeErrors: off grid polygon on layer Pimp ;
    OFFGRID pimp 5;
}

RULE ogShape__178 {
    CAPTION offGridShapeErrors: off grid polygon on layer Poly ;
    OFFGRID poly 5;
}

RULE ogShape__179 {
    CAPTION offGridShapeErrors: off grid polygon on layer Psub ;
    OFFGRID psub 5;
}

RULE ogShape__180 {
    CAPTION offGridShapeErrors: off grid polygon on layer ResWdum ;
    OFFGRID reswdum 5;
}

RULE ogShape__181 {
    CAPTION offGridShapeErrors: off grid polygon on layer Resdum ;
    OFFGRID resdum 5;
}

RULE ogShape__182 {
    CAPTION offGridShapeErrors: off grid polygon on layer SiProt ;
    OFFGRID siprot 5;
}

RULE ogShape__183 {
    CAPTION offGridShapeErrors: off grid polygon on layer Via1 ;
    OFFGRID via1 5;
}

RULE ogShape__184 {
    CAPTION offGridShapeErrors: off grid polygon on layer Via2 ;
    OFFGRID via2 5;
}

RULE ogShape__185 {
    CAPTION offGridShapeErrors: off grid polygon on layer Via3 ;
    OFFGRID via3 5;
}

RULE ogShape__186 {
    CAPTION offGridShapeErrors: off grid polygon on layer Via4 ;
    OFFGRID via4 5;
}

RULE ogShape__187 {
    CAPTION offGridShapeErrors: off grid polygon on layer Via5 ;
    OFFGRID via5 5;
}

RULE ogShape__188 {
    CAPTION offGridShapeErrors: off grid polygon on layer Via6 ;
    OFFGRID via6 5;
}

RULE ogShape__189 {
    CAPTION offGridShapeErrors: off grid polygon on layer Via7 ;
    OFFGRID via7 5;
}

RULE ogShape__190 {
    CAPTION offGridShapeErrors: off grid polygon on layer Via8 ;
    OFFGRID via8 5;
}
ANGLE bondpad -ltgt 0 45 T1__191;
ANGLE bondpad -ltgt 45 90 T2__191;
CAT T1__191 T2__191 l__105;

RULE l__105 {
    CAPTION non45 degree polygon on layer Bondpad ;
    COPY l__105;
}
ANGLE capmetal -ltgt 0 45 T1__193;
ANGLE capmetal -ltgt 45 90 T2__193;
CAT T1__193 T2__193 l__106;

RULE l__106 {
    CAPTION non45 degree polygon on layer CapMetal ;
    COPY l__106;
}
ANGLE cont -ltgt 0 45 T1__195;
ANGLE cont -ltgt 45 90 T2__195;
CAT T1__195 T2__195 l__107;

RULE l__107 {
    CAPTION non45 degree polygon on layer Cont ;
    COPY l__107;
}
ANGLE esddummy -ltgt 0 45 T1__197;
ANGLE esddummy -ltgt 45 90 T2__197;
CAT T1__197 T2__197 l__108;

RULE l__108 {
    CAPTION non45 degree polygon on layer ESDdummy ;
    COPY l__108;
}
ANGLE ind2dummy -ltgt 0 45 T1__199;
ANGLE ind2dummy -ltgt 45 90 T2__199;
CAT T1__199 T2__199 l__109;

RULE l__109 {
    CAPTION non45 degree polygon on layer IND2dummy ;
    COPY l__109;
}
ANGLE ind3dummy -ltgt 0 45 T1__201;
ANGLE ind3dummy -ltgt 45 90 T2__201;
CAT T1__201 T2__201 l__110;

RULE l__110 {
    CAPTION non45 degree polygon on layer IND3dummy ;
    COPY l__110;
}
ANGLE inddummy -ltgt 0 45 T1__203;
ANGLE inddummy -ltgt 45 90 T2__203;
CAT T1__203 T2__203 l__111;

RULE l__111 {
    CAPTION non45 degree polygon on layer INDdummy ;
    COPY l__111;
}
ANGLE m1resdum -ltgt 0 45 T1__205;
ANGLE m1resdum -ltgt 45 90 T2__205;
CAT T1__205 T2__205 l__112;

RULE l__112 {
    CAPTION non45 degree polygon on layer M1Resdum ;
    COPY l__112;
}
ANGLE m2resdum -ltgt 0 45 T1__207;
ANGLE m2resdum -ltgt 45 90 T2__207;
CAT T1__207 T2__207 l__113;

RULE l__113 {
    CAPTION non45 degree polygon on layer M2Resdum ;
    COPY l__113;
}
ANGLE m3resdum -ltgt 0 45 T1__209;
ANGLE m3resdum -ltgt 45 90 T2__209;
CAT T1__209 T2__209 l__114;

RULE l__114 {
    CAPTION non45 degree polygon on layer M3Resdum ;
    COPY l__114;
}
ANGLE m4resdum -ltgt 0 45 T1__211;
ANGLE m4resdum -ltgt 45 90 T2__211;
CAT T1__211 T2__211 l__115;

RULE l__115 {
    CAPTION non45 degree polygon on layer M4Resdum ;
    COPY l__115;
}
ANGLE m5resdum -ltgt 0 45 T1__213;
ANGLE m5resdum -ltgt 45 90 T2__213;
CAT T1__213 T2__213 l__116;

RULE l__116 {
    CAPTION non45 degree polygon on layer M5Resdum ;
    COPY l__116;
}
ANGLE m6resdum -ltgt 0 45 T1__215;
ANGLE m6resdum -ltgt 45 90 T2__215;
CAT T1__215 T2__215 l__117;

RULE l__117 {
    CAPTION non45 degree polygon on layer M6Resdum ;
    COPY l__117;
}
ANGLE m7resdum -ltgt 0 45 T1__217;
ANGLE m7resdum -ltgt 45 90 T2__217;
CAT T1__217 T2__217 l__118;

RULE l__118 {
    CAPTION non45 degree polygon on layer M7Resdum ;
    COPY l__118;
}
ANGLE m8resdum -ltgt 0 45 T1__219;
ANGLE m8resdum -ltgt 45 90 T2__219;
CAT T1__219 T2__219 l__119;

RULE l__119 {
    CAPTION non45 degree polygon on layer M8Resdum ;
    COPY l__119;
}
ANGLE m9resdum -ltgt 0 45 T1__221;
ANGLE m9resdum -ltgt 45 90 T2__221;
CAT T1__221 T2__221 l__120;

RULE l__120 {
    CAPTION non45 degree polygon on layer M9Resdum ;
    COPY l__120;
}
ANGLE metal1_d -ltgt 0 45 T1__223;
ANGLE metal1_d -ltgt 45 90 T2__223;
CAT T1__223 T2__223 l__121;

RULE l__121 {
    CAPTION non45 degree polygon on layer Metal1_d ;
    COPY l__121;
}
ANGLE metal1_f -ltgt 0 45 T1__225;
ANGLE metal1_f -ltgt 45 90 T2__225;
CAT T1__225 T2__225 l__122;

RULE l__122 {
    CAPTION non45 degree polygon on layer Metal1_f ;
    COPY l__122;
}
ANGLE metal1_n -ltgt 0 45 T1__227;
ANGLE metal1_n -ltgt 45 90 T2__227;
CAT T1__227 T2__227 l__123;

RULE l__123 {
    CAPTION non45 degree polygon on layer Metal1_n ;
    COPY l__123;
}
ANGLE metal1_p -ltgt 0 45 T1__229;
ANGLE metal1_p -ltgt 45 90 T2__229;
CAT T1__229 T2__229 l__124;

RULE l__124 {
    CAPTION non45 degree polygon on layer Metal1_p ;
    COPY l__124;
}
ANGLE metal1_slot -ltgt 0 45 T1__231;
ANGLE metal1_slot -ltgt 45 90 T2__231;
CAT T1__231 T2__231 l__125;

RULE l__125 {
    CAPTION non45 degree polygon on layer Metal1_slot ;
    COPY l__125;
}
ANGLE metal2_d -ltgt 0 45 T1__233;
ANGLE metal2_d -ltgt 45 90 T2__233;
CAT T1__233 T2__233 l__126;

RULE l__126 {
    CAPTION non45 degree polygon on layer Metal2_d ;
    COPY l__126;
}
ANGLE metal2_f -ltgt 0 45 T1__235;
ANGLE metal2_f -ltgt 45 90 T2__235;
CAT T1__235 T2__235 l__127;

RULE l__127 {
    CAPTION non45 degree polygon on layer Metal2_f ;
    COPY l__127;
}
ANGLE metal2_n -ltgt 0 45 T1__237;
ANGLE metal2_n -ltgt 45 90 T2__237;
CAT T1__237 T2__237 l__128;

RULE l__128 {
    CAPTION non45 degree polygon on layer Metal2_n ;
    COPY l__128;
}
ANGLE metal2_p -ltgt 0 45 T1__239;
ANGLE metal2_p -ltgt 45 90 T2__239;
CAT T1__239 T2__239 l__129;

RULE l__129 {
    CAPTION non45 degree polygon on layer Metal2_p ;
    COPY l__129;
}
ANGLE metal2_slot -ltgt 0 45 T1__241;
ANGLE metal2_slot -ltgt 45 90 T2__241;
CAT T1__241 T2__241 l__130;

RULE l__130 {
    CAPTION non45 degree polygon on layer Metal2_slot ;
    COPY l__130;
}
ANGLE metal3_d -ltgt 0 45 T1__243;
ANGLE metal3_d -ltgt 45 90 T2__243;
CAT T1__243 T2__243 l__131;

RULE l__131 {
    CAPTION non45 degree polygon on layer Metal3_d ;
    COPY l__131;
}
ANGLE metal3_f -ltgt 0 45 T1__245;
ANGLE metal3_f -ltgt 45 90 T2__245;
CAT T1__245 T2__245 l__132;

RULE l__132 {
    CAPTION non45 degree polygon on layer Metal3_f ;
    COPY l__132;
}
ANGLE metal3_n -ltgt 0 45 T1__247;
ANGLE metal3_n -ltgt 45 90 T2__247;
CAT T1__247 T2__247 l__133;

RULE l__133 {
    CAPTION non45 degree polygon on layer Metal3_n ;
    COPY l__133;
}
ANGLE metal3_p -ltgt 0 45 T1__249;
ANGLE metal3_p -ltgt 45 90 T2__249;
CAT T1__249 T2__249 l__134;

RULE l__134 {
    CAPTION non45 degree polygon on layer Metal3_p ;
    COPY l__134;
}
ANGLE metal3_slot -ltgt 0 45 T1__251;
ANGLE metal3_slot -ltgt 45 90 T2__251;
CAT T1__251 T2__251 l__135;

RULE l__135 {
    CAPTION non45 degree polygon on layer Metal3_slot ;
    COPY l__135;
}
ANGLE metal4_d -ltgt 0 45 T1__253;
ANGLE metal4_d -ltgt 45 90 T2__253;
CAT T1__253 T2__253 l__136;

RULE l__136 {
    CAPTION non45 degree polygon on layer Metal4_d ;
    COPY l__136;
}
ANGLE metal4_f -ltgt 0 45 T1__255;
ANGLE metal4_f -ltgt 45 90 T2__255;
CAT T1__255 T2__255 l__137;

RULE l__137 {
    CAPTION non45 degree polygon on layer Metal4_f ;
    COPY l__137;
}
ANGLE metal4_n -ltgt 0 45 T1__257;
ANGLE metal4_n -ltgt 45 90 T2__257;
CAT T1__257 T2__257 l__138;

RULE l__138 {
    CAPTION non45 degree polygon on layer Metal4_n ;
    COPY l__138;
}
ANGLE metal4_p -ltgt 0 45 T1__259;
ANGLE metal4_p -ltgt 45 90 T2__259;
CAT T1__259 T2__259 l__139;

RULE l__139 {
    CAPTION non45 degree polygon on layer Metal4_p ;
    COPY l__139;
}
ANGLE metal4_slot -ltgt 0 45 T1__261;
ANGLE metal4_slot -ltgt 45 90 T2__261;
CAT T1__261 T2__261 l__140;

RULE l__140 {
    CAPTION non45 degree polygon on layer Metal4_slot ;
    COPY l__140;
}
ANGLE metal5_d -ltgt 0 45 T1__263;
ANGLE metal5_d -ltgt 45 90 T2__263;
CAT T1__263 T2__263 l__141;

RULE l__141 {
    CAPTION non45 degree polygon on layer Metal5_d ;
    COPY l__141;
}
ANGLE metal5_f -ltgt 0 45 T1__265;
ANGLE metal5_f -ltgt 45 90 T2__265;
CAT T1__265 T2__265 l__142;

RULE l__142 {
    CAPTION non45 degree polygon on layer Metal5_f ;
    COPY l__142;
}
ANGLE metal5_n -ltgt 0 45 T1__267;
ANGLE metal5_n -ltgt 45 90 T2__267;
CAT T1__267 T2__267 l__143;

RULE l__143 {
    CAPTION non45 degree polygon on layer Metal5_n ;
    COPY l__143;
}
ANGLE metal5_p -ltgt 0 45 T1__269;
ANGLE metal5_p -ltgt 45 90 T2__269;
CAT T1__269 T2__269 l__144;

RULE l__144 {
    CAPTION non45 degree polygon on layer Metal5_p ;
    COPY l__144;
}
ANGLE metal5_slot -ltgt 0 45 T1__271;
ANGLE metal5_slot -ltgt 45 90 T2__271;
CAT T1__271 T2__271 l__145;

RULE l__145 {
    CAPTION non45 degree polygon on layer Metal5_slot ;
    COPY l__145;
}
ANGLE metal6_d -ltgt 0 45 T1__273;
ANGLE metal6_d -ltgt 45 90 T2__273;
CAT T1__273 T2__273 l__146;

RULE l__146 {
    CAPTION non45 degree polygon on layer Metal6_d ;
    COPY l__146;
}
ANGLE metal6_f -ltgt 0 45 T1__275;
ANGLE metal6_f -ltgt 45 90 T2__275;
CAT T1__275 T2__275 l__147;

RULE l__147 {
    CAPTION non45 degree polygon on layer Metal6_f ;
    COPY l__147;
}
ANGLE metal6_n -ltgt 0 45 T1__277;
ANGLE metal6_n -ltgt 45 90 T2__277;
CAT T1__277 T2__277 l__148;

RULE l__148 {
    CAPTION non45 degree polygon on layer Metal6_n ;
    COPY l__148;
}
ANGLE metal6_p -ltgt 0 45 T1__279;
ANGLE metal6_p -ltgt 45 90 T2__279;
CAT T1__279 T2__279 l__149;

RULE l__149 {
    CAPTION non45 degree polygon on layer Metal6_p ;
    COPY l__149;
}
ANGLE metal6_slot -ltgt 0 45 T1__281;
ANGLE metal6_slot -ltgt 45 90 T2__281;
CAT T1__281 T2__281 l__150;

RULE l__150 {
    CAPTION non45 degree polygon on layer Metal6_slot ;
    COPY l__150;
}
ANGLE metal7_d -ltgt 0 45 T1__283;
ANGLE metal7_d -ltgt 45 90 T2__283;
CAT T1__283 T2__283 l__151;

RULE l__151 {
    CAPTION non45 degree polygon on layer Metal7_d ;
    COPY l__151;
}
ANGLE metal7_f -ltgt 0 45 T1__285;
ANGLE metal7_f -ltgt 45 90 T2__285;
CAT T1__285 T2__285 l__152;

RULE l__152 {
    CAPTION non45 degree polygon on layer Metal7_f ;
    COPY l__152;
}
ANGLE metal7_n -ltgt 0 45 T1__287;
ANGLE metal7_n -ltgt 45 90 T2__287;
CAT T1__287 T2__287 l__153;

RULE l__153 {
    CAPTION non45 degree polygon on layer Metal7_n ;
    COPY l__153;
}
ANGLE metal7_p -ltgt 0 45 T1__289;
ANGLE metal7_p -ltgt 45 90 T2__289;
CAT T1__289 T2__289 l__154;

RULE l__154 {
    CAPTION non45 degree polygon on layer Metal7_p ;
    COPY l__154;
}
ANGLE metal7_slot -ltgt 0 45 T1__291;
ANGLE metal7_slot -ltgt 45 90 T2__291;
CAT T1__291 T2__291 l__155;

RULE l__155 {
    CAPTION non45 degree polygon on layer Metal7_slot ;
    COPY l__155;
}
ANGLE metal8_d -ltgt 0 45 T1__293;
ANGLE metal8_d -ltgt 45 90 T2__293;
CAT T1__293 T2__293 l__156;

RULE l__156 {
    CAPTION non45 degree polygon on layer Metal8_d ;
    COPY l__156;
}
ANGLE metal8_f -ltgt 0 45 T1__295;
ANGLE metal8_f -ltgt 45 90 T2__295;
CAT T1__295 T2__295 l__157;

RULE l__157 {
    CAPTION non45 degree polygon on layer Metal8_f ;
    COPY l__157;
}
ANGLE metal8_n -ltgt 0 45 T1__297;
ANGLE metal8_n -ltgt 45 90 T2__297;
CAT T1__297 T2__297 l__158;

RULE l__158 {
    CAPTION non45 degree polygon on layer Metal8_n ;
    COPY l__158;
}
ANGLE metal8_p -ltgt 0 45 T1__299;
ANGLE metal8_p -ltgt 45 90 T2__299;
CAT T1__299 T2__299 l__159;

RULE l__159 {
    CAPTION non45 degree polygon on layer Metal8_p ;
    COPY l__159;
}
ANGLE metal8_slot -ltgt 0 45 T1__301;
ANGLE metal8_slot -ltgt 45 90 T2__301;
CAT T1__301 T2__301 l__160;

RULE l__160 {
    CAPTION non45 degree polygon on layer Metal8_slot ;
    COPY l__160;
}
ANGLE metal9_d -ltgt 0 45 T1__303;
ANGLE metal9_d -ltgt 45 90 T2__303;
CAT T1__303 T2__303 l__161;

RULE l__161 {
    CAPTION non45 degree polygon on layer Metal9_d ;
    COPY l__161;
}
ANGLE metal9_f -ltgt 0 45 T1__305;
ANGLE metal9_f -ltgt 45 90 T2__305;
CAT T1__305 T2__305 l__162;

RULE l__162 {
    CAPTION non45 degree polygon on layer Metal9_f ;
    COPY l__162;
}
ANGLE metal9_n -ltgt 0 45 T1__307;
ANGLE metal9_n -ltgt 45 90 T2__307;
CAT T1__307 T2__307 l__163;

RULE l__163 {
    CAPTION non45 degree polygon on layer Metal9_n ;
    COPY l__163;
}
ANGLE metal9_p -ltgt 0 45 T1__309;
ANGLE metal9_p -ltgt 45 90 T2__309;
CAT T1__309 T2__309 l__164;

RULE l__164 {
    CAPTION non45 degree polygon on layer Metal9_p ;
    COPY l__164;
}
ANGLE metal9_slot -ltgt 0 45 T1__311;
ANGLE metal9_slot -ltgt 45 90 T2__311;
CAT T1__311 T2__311 l__165;

RULE l__165 {
    CAPTION non45 degree polygon on layer Metal9_slot ;
    COPY l__165;
}
ANGLE npndummy -ltgt 0 45 T1__313;
ANGLE npndummy -ltgt 45 90 T2__313;
CAT T1__313 T2__313 l__166;

RULE l__166 {
    CAPTION non45 degree polygon on layer NPNdummy ;
    COPY l__166;
}
ANGLE nburied -ltgt 0 45 T1__315;
ANGLE nburied -ltgt 45 90 T2__315;
CAT T1__315 T2__315 l__167;

RULE l__167 {
    CAPTION non45 degree polygon on layer Nburied ;
    COPY l__167;
}
ANGLE nhvt -ltgt 0 45 T1__317;
ANGLE nhvt -ltgt 45 90 T2__317;
CAT T1__317 T2__317 l__168;

RULE l__168 {
    CAPTION non45 degree polygon on layer Nhvt ;
    COPY l__168;
}
ANGLE nimp -ltgt 0 45 T1__319;
ANGLE nimp -ltgt 45 90 T2__319;
CAT T1__319 T2__319 l__169;

RULE l__169 {
    CAPTION non45 degree polygon on layer Nimp ;
    COPY l__169;
}
ANGLE nwell -ltgt 0 45 T1__321;
ANGLE nwell -ltgt 45 90 T2__321;
CAT T1__321 T2__321 l__170;

RULE l__170 {
    CAPTION non45 degree polygon on layer Nwell ;
    COPY l__170;
}
ANGLE nzvt -ltgt 0 45 T1__323;
ANGLE nzvt -ltgt 45 90 T2__323;
CAT T1__323 T2__323 l__171;

RULE l__171 {
    CAPTION non45 degree polygon on layer Nzvt ;
    COPY l__171;
}
ANGLE oxide -ltgt 0 45 T1__325;
ANGLE oxide -ltgt 45 90 T2__325;
CAT T1__325 T2__325 l__172;

RULE l__172 {
    CAPTION non45 degree polygon on layer Oxide ;
    COPY l__172;
}
ANGLE oxide_thk -ltgt 0 45 T1__327;
ANGLE oxide_thk -ltgt 45 90 T2__327;
CAT T1__327 T2__327 l__173;

RULE l__173 {
    CAPTION non45 degree polygon on layer Oxide_thk ;
    COPY l__173;
}
ANGLE pnpdummy -ltgt 0 45 T1__329;
ANGLE pnpdummy -ltgt 45 90 T2__329;
CAT T1__329 T2__329 l__174;

RULE l__174 {
    CAPTION non45 degree polygon on layer PNPdummy ;
    COPY l__174;
}
ANGLE phvt -ltgt 0 45 T1__331;
ANGLE phvt -ltgt 45 90 T2__331;
CAT T1__331 T2__331 l__175;

RULE l__175 {
    CAPTION non45 degree polygon on layer Phvt ;
    COPY l__175;
}
ANGLE pimp -ltgt 0 45 T1__333;
ANGLE pimp -ltgt 45 90 T2__333;
CAT T1__333 T2__333 l__176;

RULE l__176 {
    CAPTION non45 degree polygon on layer Pimp ;
    COPY l__176;
}
ANGLE poly -ltgt 0 45 T1__335;
ANGLE poly -ltgt 45 90 T2__335;
CAT T1__335 T2__335 l__177;

RULE l__177 {
    CAPTION non45 degree polygon on layer Poly ;
    COPY l__177;
}
ANGLE psub -ltgt 0 45 T1__337;
ANGLE psub -ltgt 45 90 T2__337;
CAT T1__337 T2__337 l__178;

RULE l__178 {
    CAPTION non45 degree polygon on layer Psub ;
    COPY l__178;
}
ANGLE reswdum -ltgt 0 45 T1__339;
ANGLE reswdum -ltgt 45 90 T2__339;
CAT T1__339 T2__339 l__179;

RULE l__179 {
    CAPTION non45 degree polygon on layer ResWdum ;
    COPY l__179;
}
ANGLE resdum -ltgt 0 45 T1__341;
ANGLE resdum -ltgt 45 90 T2__341;
CAT T1__341 T2__341 l__180;

RULE l__180 {
    CAPTION non45 degree polygon on layer Resdum ;
    COPY l__180;
}
ANGLE siprot -ltgt 0 45 T1__343;
ANGLE siprot -ltgt 45 90 T2__343;
CAT T1__343 T2__343 l__181;

RULE l__181 {
    CAPTION non45 degree polygon on layer SiProt ;
    COPY l__181;
}
ANGLE via1 -ltgt 0 45 T1__345;
ANGLE via1 -ltgt 45 90 T2__345;
CAT T1__345 T2__345 l__182;

RULE l__182 {
    CAPTION non45 degree polygon on layer Via1 ;
    COPY l__182;
}
ANGLE via2 -ltgt 0 45 T1__347;
ANGLE via2 -ltgt 45 90 T2__347;
CAT T1__347 T2__347 l__183;

RULE l__183 {
    CAPTION non45 degree polygon on layer Via2 ;
    COPY l__183;
}
ANGLE via3 -ltgt 0 45 T1__349;
ANGLE via3 -ltgt 45 90 T2__349;
CAT T1__349 T2__349 l__184;

RULE l__184 {
    CAPTION non45 degree polygon on layer Via3 ;
    COPY l__184;
}
ANGLE via4 -ltgt 0 45 T1__351;
ANGLE via4 -ltgt 45 90 T2__351;
CAT T1__351 T2__351 l__185;

RULE l__185 {
    CAPTION non45 degree polygon on layer Via4 ;
    COPY l__185;
}
ANGLE via5 -ltgt 0 45 T1__353;
ANGLE via5 -ltgt 45 90 T2__353;
CAT T1__353 T2__353 l__186;

RULE l__186 {
    CAPTION non45 degree polygon on layer Via5 ;
    COPY l__186;
}
ANGLE via6 -ltgt 0 45 T1__355;
ANGLE via6 -ltgt 45 90 T2__355;
CAT T1__355 T2__355 l__187;

RULE l__187 {
    CAPTION non45 degree polygon on layer Via6 ;
    COPY l__187;
}
ANGLE via7 -ltgt 0 45 T1__357;
ANGLE via7 -ltgt 45 90 T2__357;
CAT T1__357 T2__357 l__188;

RULE l__188 {
    CAPTION non45 degree polygon on layer Via7 ;
    COPY l__188;
}
ANGLE via8 -ltgt 0 45 T1__359;
ANGLE via8 -ltgt 45 90 T2__359;
CAT T1__359 T2__359 l__189;

RULE l__189 {
    CAPTION non45 degree polygon on layer Via8 ;
    COPY l__189;
}
INTE bondpad bondpad -lt 0.01 -output region l__190;

RULE l__190 {
    CAPTION acute angle on layer Bondpad ;
    COPY l__190;
}
INTE capmetal capmetal -lt 0.01 -output region l__191;

RULE l__191 {
    CAPTION acute angle on layer CapMetal ;
    COPY l__191;
}
INTE esddummy esddummy -lt 0.01 -output region l__192;

RULE l__192 {
    CAPTION acute angle on layer ESDdummy ;
    COPY l__192;
}
INTE ind2dummy ind2dummy -lt 0.01 -output region l__193;

RULE l__193 {
    CAPTION acute angle on layer IND2dummy ;
    COPY l__193;
}
INTE ind3dummy ind3dummy -lt 0.01 -output region l__194;

RULE l__194 {
    CAPTION acute angle on layer IND3dummy ;
    COPY l__194;
}
INTE inddummy inddummy -lt 0.01 -output region l__195;

RULE l__195 {
    CAPTION acute angle on layer INDdummy ;
    COPY l__195;
}
INTE m1resdum m1resdum -lt 0.01 -output region l__196;

RULE l__196 {
    CAPTION acute angle on layer M1Resdum ;
    COPY l__196;
}
INTE m2resdum m2resdum -lt 0.01 -output region l__197;

RULE l__197 {
    CAPTION acute angle on layer M2Resdum ;
    COPY l__197;
}
INTE m3resdum m3resdum -lt 0.01 -output region l__198;

RULE l__198 {
    CAPTION acute angle on layer M3Resdum ;
    COPY l__198;
}
INTE m4resdum m4resdum -lt 0.01 -output region l__199;

RULE l__199 {
    CAPTION acute angle on layer M4Resdum ;
    COPY l__199;
}
INTE m5resdum m5resdum -lt 0.01 -output region l__200;

RULE l__200 {
    CAPTION acute angle on layer M5Resdum ;
    COPY l__200;
}
INTE m6resdum m6resdum -lt 0.01 -output region l__201;

RULE l__201 {
    CAPTION acute angle on layer M6Resdum ;
    COPY l__201;
}
INTE m7resdum m7resdum -lt 0.01 -output region l__202;

RULE l__202 {
    CAPTION acute angle on layer M7Resdum ;
    COPY l__202;
}
INTE m8resdum m8resdum -lt 0.01 -output region l__203;

RULE l__203 {
    CAPTION acute angle on layer M8Resdum ;
    COPY l__203;
}
INTE m9resdum m9resdum -lt 0.01 -output region l__204;

RULE l__204 {
    CAPTION acute angle on layer M9Resdum ;
    COPY l__204;
}
INTE npndummy npndummy -lt 0.01 -output region l__205;

RULE l__205 {
    CAPTION acute angle on layer NPNdummy ;
    COPY l__205;
}
INTE nhvt nhvt -lt 0.01 -output region l__206;

RULE l__206 {
    CAPTION acute angle on layer Nhvt ;
    COPY l__206;
}
INTE pnpdummy pnpdummy -lt 0.01 -output region l__207;

RULE l__207 {
    CAPTION acute angle on layer PNPdummy ;
    COPY l__207;
}
INTE phvt phvt -lt 0.01 -output region l__208;

RULE l__208 {
    CAPTION acute angle on layer Phvt ;
    COPY l__208;
}
INTE psub psub -lt 0.01 -output region l__209;

RULE l__209 {
    CAPTION acute angle on layer Psub ;
    COPY l__209;
}
INTE reswdum reswdum -lt 0.01 -output region l__210;

RULE l__210 {
    CAPTION acute angle on layer ResWdum ;
    COPY l__210;
}
INTE resdum resdum -lt 0.01 -output region l__211;

RULE l__211 {
    CAPTION acute angle on layer Resdum ;
    COPY l__211;
}
AND metal1_d metal1_p metal1_v;
AND metal2_d metal2_p metal2_v;
AND metal3_d metal3_p metal3_v;
AND metal4_d metal4_p metal4_v;
AND metal5_d metal5_p metal5_v;
AND metal6_d metal6_p metal6_v;
AND metal7_d metal7_p metal7_v;
AND metal8_d metal8_p metal8_v;
AND metal9_d metal9_p metal9_v;
SIZE bondpad -by 5 -truncate 7.071068 -underOver bondpad_sq;
AND cont poly cont_poly;
AND ind2dummy inddummy ind_term1;
AND ind3dummy inddummy ind_term2;
AND nimp oxide nactive;
AND nburied nwell nb_tap;
AND npndummy psub npn_base;
AND nwell reswdum nwellres;
SELECT -CUT oxide resdum oxide_in_res;
AND oxide pimp pactive;
NOT pactive poly pdiff;
NOT poly resdum poly_conn;
NOT nactive poly_conn ndiff;
SELECT -CUT poly resdum poly_in_res;
SELECT -INTERACT nzvt oxide -gt 1 rule_nzvt_x_4;
AND capmetal via2 via2_cap;
AREA bulk -gt 100000 l31068;
ENC bondpad l31068 -ltgt 0 50 -metric opposite -para only -output region bondpad_to_die_edge;
AND bondpad via1 l92260;
SIZE l92260 -by 0.3 -truncate 0.4242641 l31970;
SIZE l31970 -by -0.3 -truncate 0.4242641 bondpad_via1_array;
AND bondpad via2 l92259;
SIZE l92259 -by 0.3 -truncate 0.4242641 l90648;
SIZE l90648 -by -0.3 -truncate 0.4242641 bondpad_via2_array;
AND bondpad via3 l92258;
SIZE l92258 -by 0.3 -truncate 0.4242641 l61497;
SIZE l61497 -by -0.3 -truncate 0.4242641 bondpad_via3_array;
AND bondpad via4 l92257;
SIZE l92257 -by 0.3 -truncate 0.4242641 l32346;
SIZE l32346 -by -0.3 -truncate 0.4242641 bondpad_via4_array;
AND bondpad via5 l92256;
SIZE l92256 -by 0.3 -truncate 0.4242641 l3195;
SIZE l3195 -by -0.3 -truncate 0.4242641 bondpad_via5_array;
AND bondpad via6 l92255;
SIZE l92255 -by 0.3 -truncate 0.4242641 l25956;
SIZE l25956 -by -0.3 -truncate 0.4242641 bondpad_via6_array;
AND bondpad via7 l92254;
SIZE l92254 -by 0.3 -truncate 0.4242641 l55107;
SIZE l55107 -by -0.3 -truncate 0.4242641 bondpad_via7_array;
AND bondpad via8 l92253;
SIZE l92253 -by 0.3 -truncate 0.4242641 l84258;
SIZE l84258 -by -0.3 -truncate 0.4242641 bondpad_via8_array;
AND cont npn_base l82025;
AND l82025 pdiff cont_base;
NOT ndiff resdum l46829;
NOT l46829 npndummy ndiff_conn;
AND cont ndiff_conn cont_ndiff;
SELECT -TOUCH ndiff_conn poly nsd;
AND esddummy nsd nsd_esd;
AND nwell ndiff_conn ntap;
AND esddummy ntap ntap_esd;
NOT nwell reswdum l59011;
AND l59011 npndummy npn_coll;
AND cont npn_coll l25060;
NOT l25060 psub cont_coll;
NOT l59011 npndummy nwell_conn;
NOT pdiff resdum l12267;
NOT l12267 npndummy pdiff_conn;
AND cont pdiff_conn cont_pdiff;
SELECT -TOUCH pdiff_conn poly psd;
AND esddummy psd psd_esd;
NOT pdiff_conn nwell ptap;
AND esddummy ptap ptap_esd;
SELECT -TOUCH ptap_esd nsd_esd rule_esd_7_nmos;
SELECT -TOUCH ntap_esd psd_esd rule_esd_7_pmos;
EDGE_BOOLEAN -COINCIDENT_ONLY bondpad_to_die_edge bondpad_to_die_edge T1__457;
EDGE_EXPAND T1__457 -outside_by 68 l18453;
OR l18453 bondpad_to_die_edge l45856;
SELECT -INSIDE bondpad_sq l45856 rule_bondpad_l_1;
HOLES nwell l85630;
NOT l85630 nwell l90545;
SELECT -OUTSIDE nburied l90545 rule_nbl_x_1;
AND nhvt oxide l46498;
XOR l46498 nhvt rule_nhvt_x_1;
AND oxide phvt l75618;
XOR l75618 phvt rule_phvt_x_1;
OR metal1_d metal1_p l59680;
OR l59680 metal1_f metal1;
SELECT -INTERACT -not bondpad metal1 rule_bondpad_missing_m1;
NOT metal1 metal1_slot l32159;
NOT l32159 m1resdum metal1_conn;
OR metal2_d metal2_p l17344;
OR l17344 metal2_f metal2;
SELECT -INTERACT -not bondpad metal2 rule_bondpad_missing_m2;
AND inddummy metal2 l41497;
AND ind2dummy l41497 ind_term1_tap;
AND ind3dummy l41497 ind_term2_tap;
NOT metal2 metal2_slot l6015;
NOT l6015 m2resdum metal2_conn;
OR metal3_d metal3_p l92288;
OR l92288 metal3_f metal3;
SELECT -INTERACT -not bondpad metal3 rule_bondpad_missing_m3;
NOT metal3 metal3_slot l79871;
NOT l79871 m3resdum metal3_conn;
OR metal4_d metal4_p l34624;
OR l34624 metal4_f metal4;
SELECT -INTERACT -not bondpad metal4 rule_bondpad_missing_m4;
NOT metal4 metal4_slot l53727;
NOT l53727 m4resdum metal4_conn;
OR metal5_d metal5_p l76960;
OR l76960 metal5_f metal5;
SELECT -INTERACT -not bondpad metal5 rule_bondpad_missing_m5;
NOT metal5 metal5_slot l27583;
NOT l27583 m5resdum metal5_conn;
OR metal6_d metal6_p l19296;
OR l19296 metal6_f metal6;
SELECT -INTERACT -not bondpad metal6 rule_bondpad_missing_m6;
NOT metal6 metal6_slot l65857;
NOT l65857 m6resdum metal6_conn;
OR metal7_d metal7_p l38368;
OR l38368 metal7_f metal7;
SELECT -INTERACT -not bondpad metal7 rule_bondpad_missing_m7;
NOT metal7 metal7_slot l92001;
NOT l92001 m7resdum metal7_conn;
OR metal8_d metal8_p l96032;
OR l96032 metal8_f metal8;
SELECT -INTERACT -not bondpad metal8 rule_bondpad_missing_m8;
NOT metal8 metal8_slot l18145;
NOT l18145 m8resdum metal8_conn;
OR metal9_d metal9_p l53696;
OR l53696 metal9_f metal9;
INTE metal1 metal1 -lt 0.01 -output region l__341;

RULE l__341 {
    CAPTION acute angle on layer Metal1 ;
    COPY l__341;
}
INTE metal2 metal2 -lt 0.01 -output region l__342;

RULE l__342 {
    CAPTION acute angle on layer Metal2 ;
    COPY l__342;
}
INTE metal3 metal3 -lt 0.01 -output region l__343;

RULE l__343 {
    CAPTION acute angle on layer Metal3 ;
    COPY l__343;
}
INTE metal4 metal4 -lt 0.01 -output region l__344;

RULE l__344 {
    CAPTION acute angle on layer Metal4 ;
    COPY l__344;
}
INTE metal5 metal5 -lt 0.01 -output region l__345;

RULE l__345 {
    CAPTION acute angle on layer Metal5 ;
    COPY l__345;
}
INTE metal6 metal6 -lt 0.01 -output region l__346;

RULE l__346 {
    CAPTION acute angle on layer Metal6 ;
    COPY l__346;
}
INTE metal7 metal7 -lt 0.01 -output region l__347;

RULE l__347 {
    CAPTION acute angle on layer Metal7 ;
    COPY l__347;
}
INTE metal8 metal8 -lt 0.01 -output region l__348;

RULE l__348 {
    CAPTION acute angle on layer Metal8 ;
    COPY l__348;
}
INTE metal9 metal9 -lt 0.01 -output region l__349;

RULE l__349 {
    CAPTION acute angle on layer Metal9 ;
    COPY l__349;
}
AND bondpad metal9 bp_tap;
SELECT -INTERACT -not bondpad metal9 rule_bondpad_missing_m9;
NOT metal9 metal9_slot l44289;
NOT l44289 m9resdum metal9_conn;
SIZE cont -by 0.09 -truncate 0.1272792 l26410;
SIZE l26410 -by 0.409 -truncate 0.5784133 -underOver l61820;
SIZE l61820 -by -0.09 -truncate 0.1272792 cont_array_zone;
AND l46829 npndummy l69474;
AND l69474 psub npn_emit;
AND cont npn_emit cont_emit;
SELECT -INSIDE nwell oxide l4711;
SELECT -CUT l4711 siprot l69652;
SELECT -CUT l69652 reswdum nwell_in_od_res;
SELECT -CUT siprot nwell_in_od_res siprot_in_nwell_res;
SELECT -CUT oxide nsd_esd l54535;
HOLES ptap_esd l81298;
NOT l81298 ptap_esd l31817;
NOT l54535 l31817 rule_esd_5;
SELECT -CUT oxide psd_esd l52827;
HOLES ntap_esd l39668;
NOT l39668 ntap_esd l85191;
NOT l52827 l85191 rule_esd_6;
SELECT -INTERACT oxide nzvt l33971;
SIZE l33971 -by 0.3 -truncate 0.4242641 l92315;
XOR l92315 nzvt rule_nzvt_o_1;
SIZE via1 -by 0.11 -truncate 0.1555635 l17980;
SIZE l17980 -by 0.499 -truncate 0.7056926 -underOver l90952;
SIZE l90952 -by -0.11 -truncate 0.1555635 via1_array_zone;
SIZE via2 -by 0.11 -truncate 0.1555635 l47131;
SIZE l47131 -by 0.499 -truncate 0.7056926 -underOver l42681;
SIZE l42681 -by -0.11 -truncate 0.1555635 via2_array_zone;
AND metal2 via2 l98704;
OR capmetal inddummy l47735;
NOT l98704 l47735 via2_out_capind;
SIZE via3 -by 0.11 -truncate 0.1555635 l76282;
SIZE l76282 -by 0.499 -truncate 0.7056926 -underOver l64294;
SIZE l64294 -by -0.11 -truncate 0.1555635 via3_array_zone;
SIZE via4 -by 0.11 -truncate 0.1555635 l5433;
SIZE l5433 -by 0.499 -truncate 0.7056926 -underOver l77470;
SIZE l77470 -by -0.11 -truncate 0.1555635 via4_array_zone;
SIZE via5 -by 0.11 -truncate 0.1555635 l34584;
SIZE l34584 -by 0.499 -truncate 0.7056926 -underOver l55171;
SIZE l55171 -by -0.11 -truncate 0.1555635 via5_array_zone;
SIZE via6 -by 0.11 -truncate 0.1555635 l63735;
SIZE l63735 -by 0.499 -truncate 0.7056926 -underOver l83479;
SIZE l83479 -by -0.11 -truncate 0.1555635 via6_array_zone;
AND metal2 metal3 l18248;
AND l18248 metal4 l79489;
AND l79489 metal5 l42786;
AND l42786 metal6 metal_2_6_stack;
EDGE_BOOLEAN -COINCIDENT_ONLY resdum resdum T1__571;
EDGE_EXPAND T1__571 -outside_by 0.001 l4140;
OR oxide poly l32232;
NOT l4140 l32232 l29787;
OR l29787 resdum resdum_sz;
SIZE metal1 -by 0.2 -truncate 0.2828427 -underOver l82991;
SIZE metal2 -by 0.2 -truncate 0.2828427 -underOver l12142;
OR l12142 l82991 l21748;
AND l21748 via1 via1_x_1;
SIZE metal1 -by 0.5 -truncate 0.7071068 -underOver l83084;
SIZE metal2 -by 0.5 -truncate 0.7071068 -underOver l12235;
OR l12235 l83084 l4033;
AND l4033 via1 via1_x_2;
SIZE metal3 -by 0.2 -truncate 0.2828427 -underOver l41293;
OR l12142 l41293 l52348;
AND l52348 via2 via2_x_1;
SIZE metal3 -by 0.5 -truncate 0.7071068 -underOver l41386;
OR l12235 l41386 l53252;
AND l53252 via2 via2_x_2;
SIZE metal4 -by 0.2 -truncate 0.2828427 -underOver l70444;
OR l41293 l70444 l48815;
AND l48815 via3 via3_x_1;
SIZE metal4 -by 0.5 -truncate 0.7071068 -underOver l70537;
OR l41386 l70537 l87119;
AND l87119 via3 via3_x_2;
SIZE metal5 -by 0.2 -truncate 0.2828427 -underOver l99595;
OR l70444 l99595 l18361;
AND l18361 via4 via4_x_1;
SIZE metal5 -by 0.5 -truncate 0.7071068 -underOver l99688;
OR l70537 l99688 l43335;
AND l43335 via4 via4_x_2;
SIZE metal6 -by 0.2 -truncate 0.2828427 -underOver l28746;
OR l28746 l99595 l91359;
AND l91359 via5 via5_x_1;
SIZE metal6 -by 0.5 -truncate 0.7071068 -underOver l28839;
OR l28839 l99688 l14241;
AND l14241 via5 via5_x_2;
SIZE metal7 -by 0.8 -truncate 1.131371 -underOver l58083;
OR l28746 l58083 l20072;
AND l20072 via6 via6_x_1;
SIZE metal7 -by 2 -truncate 2.828427 -underOver l17417;
OR l17417 l28839 l34809;
AND l34809 via6 via6_x_2;
AND via1 via2 l90744;
AND l90744 via3 l33864;
AND l33864 via4 l30797;
AND l30797 via5 via_1_5_stack;
SELECT -ENCLOSE metal_2_6_stack via_1_5_stack -eq 1 rule_viak_x_3_x_4a;
AND via2 via3 l19896;
AND l19896 via4 l73372;
AND l73372 via5 l56520;
AND l56520 via6 via_2_6_stack;
AND metal7 metal_2_6_stack metal_2_7_stack;
SELECT -ENCLOSE metal_2_7_stack via_2_6_stack -eq 1 rule_viak_x_3_x_4b;
HOLES metal1 T1__624;
OR metal1 T1__624 l94375;
SELECT -ENCLOSE l94375 bondpad l83147;
SIZE l83147 -by 25 -truncate 35.35534 -underOver l11659;
AND l11659 l94375 l22419;
SELECT -ENCLOSE l22419 bondpad bondpad_metal1_filled;
HOLES metal2 T1__629;
OR metal2 T1__629 l94376;
SELECT -ENCLOSE l94376 bondpad l28684;
SIZE l28684 -by 25 -truncate 35.35534 -underOver l91294;
AND l91294 l94376 l29447;
SELECT -ENCLOSE l29447 bondpad bondpad_metal2_filled;
HOLES metal3 T1__634;
OR metal3 T1__634 l94377;
SELECT -ENCLOSE l94377 bondpad l25779;
SIZE l25779 -by 25 -truncate 35.35534 -underOver l57208;
AND l57208 l94377 l38857;
SELECT -ENCLOSE l38857 bondpad bondpad_metal3_filled;
HOLES metal4 T1__639;
OR metal4 T1__639 l94378;
SELECT -ENCLOSE l94378 bondpad l87054;
SIZE l87054 -by 25 -truncate 35.35534 -underOver l10974;
AND l10974 l94378 l74553;
SELECT -ENCLOSE l74553 bondpad bondpad_metal4_filled;
HOLES metal5 T1__644;
OR metal5 T1__644 l94379;
SELECT -ENCLOSE l94379 bondpad l67409;
SIZE l67409 -by 25 -truncate 35.35534 -underOver l60622;
AND l60622 l94379 l45717;
SELECT -ENCLOSE l45717 bondpad bondpad_metal5_filled;
HOLES metal6 T1__649;
OR metal6 T1__649 l94380;
SELECT -ENCLOSE l94380 bondpad l59931;
SIZE l59931 -by 25 -truncate 35.35534 -underOver l61125;
AND l61125 l94380 l25614;
SELECT -ENCLOSE l25614 bondpad bondpad_metal6_filled;
HOLES metal7 T1__654;
OR metal7 T1__654 l94381;
SELECT -ENCLOSE l94381 bondpad l52902;
SIZE l52902 -by 25 -truncate 35.35534 -underOver l96368;
AND l94381 l96368 l79426;
SELECT -ENCLOSE l79426 bondpad bondpad_metal7_filled;
HOLES metal8 T1__659;
OR metal8 T1__659 l94382;
SELECT -ENCLOSE l94382 bondpad l1561;
SIZE l1561 -by 25 -truncate 35.35534 -underOver l79037;
AND l79037 l94382 l79063;
SELECT -ENCLOSE l79063 bondpad bondpad_metal8_filled;
HOLES metal9 T1__664;
OR metal9 T1__664 l94383;
SELECT -ENCLOSE l94383 bondpad l11272;
SIZE l11272 -by 25 -truncate 35.35534 -underOver l32833;
AND l32833 l94383 l91025;
SELECT -ENCLOSE l91025 bondpad bondpad_metal9_filled;
NOT bulk nb_tap l14174;
SIZE psub -by -0.001 -truncate 0.001414214 l86601;
NOT psub l86601 l7495;
NOT l14174 l7495 l43912;
NOT l43912 npndummy psubstrate;
SIZE bondpad -by -1 -truncate 1.414214 l23560;
SIZE l23560 -by -2 -truncate 2.828427 l77035;
AND l77035 metal1 l77627;
AND l77627 metal2 l4435;
OR metal1_slot metal2_slot l54584;
NOT l4435 l54584 l10908;
SELECT -INTERACT -not l10908 via1 rule_bondpad_missing_v1;
AND l77035 metal2 l77628;
AND l77628 metal3 l52525;
OR metal2_slot metal3_slot l97786;
NOT l52525 l97786 l11048;
SELECT -INTERACT -not l11048 via2 rule_bondpad_missing_v2;
AND l77035 metal3 l77629;
AND l77629 metal4 l57811;
OR metal3_slot metal4_slot l26308;
NOT l57811 l26308 l91875;
SELECT -INTERACT -not l91875 via3 rule_bondpad_missing_v3;
AND l77035 metal4 l77630;
AND l77630 metal5 l20482;
OR metal4_slot metal5_slot l83106;
NOT l20482 l83106 l52424;
SELECT -INTERACT -not l52424 via4 rule_bondpad_missing_v4;
AND l77035 metal5 l77631;
AND l77631 metal6 l89854;
OR metal5_slot metal6_slot l39904;
NOT l89854 l39904 l19965;
SELECT -INTERACT -not l19965 via5 rule_bondpad_missing_v5;
AND l77035 metal6 l77632;
AND l77632 metal7 l67106;
OR metal6_slot metal7_slot l3298;
NOT l67106 l3298 l97016;
SELECT -INTERACT -not l97016 via6 rule_bondpad_missing_v6;
AND l77035 metal7 l77633;
AND l77633 metal8 l43230;
OR metal7_slot metal8_slot l46500;
NOT l43230 l46500 l41567;
SELECT -INTERACT -not l41567 via7 rule_bondpad_missing_v7;
AND l77035 metal8 l77634;
AND l77634 metal9 l13730;
OR metal8_slot metal9_slot l77594;
NOT l13730 l77594 l73478;
SELECT -INTERACT -not l73478 via8 rule_bondpad_missing_v8;
SIZE cont -by 12.5 -inside_of poly -step 0.2 l34518;
NOT poly l34518 l21439;
SELECT -TOUCH l21439 l34518 -eq 2 l82927;
SIZE poly -by 0.07 -truncate 0.09899495 -underOver l99542;
NOT l82927 l99542 rule_poly_se_3;
AND metal1 bondpad_metal1_filled bondpad_metal1;
HOLES bondpad_metal1 l19359;
NOT l19359 bondpad_metal1 bondpad_metal1_slot;
EXTE bondpad_metal1_slot bondpad_metal1_slot -legt 0 2.5 -notch not -metric opposite -para only -measure all -output region l51557;
SELECT -TOUCH bondpad_metal1_slot l51557 -eq 1 bondpad_metal1_slot_on_edge;
EXTE bondpad_metal1_slot bondpad_metal1_slot -eq 1.5 -notch not -metric opposite -para only -measure all -output region l74117;
NOT l51557 l74117 rule_bondpad_sp_5_metal1;
INTE bondpad_metal1_slot bondpad_metal1_slot -eq 1 -metric opposite -para only -output region l23896;
NOT bondpad_metal1_slot l23896 l22008;
NOT l22008 bondpad_metal1_slot_on_edge rule_bondpad_w_4_metal1;
AND metal2 bondpad_metal2_filled bondpad_metal2;
HOLES bondpad_metal2 l19390;
NOT l19390 bondpad_metal2 bondpad_metal2_slot;
EXTE bondpad_metal2_slot bondpad_metal2_slot -legt 0 2.5 -notch not -metric opposite -para only -measure all -output region l34276;
SELECT -TOUCH bondpad_metal2_slot l34276 -eq 1 bondpad_metal2_slot_on_edge;
AND bondpad_metal1 bondpad_metal2 l27416;
SELECT -ENCLOSE l27416 via1 l39318;
SELECT -ENCLOSE l39318 via1 -ge 16 l87782;
NOT l39318 l87782 rule_bondpad_r_1_via1;
EXTE bondpad_metal2_slot bondpad_metal2_slot -eq 1.5 -notch not -metric opposite -para only -measure all -output region l56836;
NOT l34276 l56836 rule_bondpad_sp_5_metal2;
INTE bondpad_metal2_slot bondpad_metal2_slot -eq 1 -metric opposite -para only -output region l41177;
NOT bondpad_metal2_slot l41177 l44343;
NOT l44343 bondpad_metal2_slot_on_edge rule_bondpad_w_4_metal2;
AND metal3 bondpad_metal3_filled bondpad_metal3;
HOLES bondpad_metal3 l19421;
NOT l19421 bondpad_metal3 bondpad_metal3_slot;
EXTE bondpad_metal3_slot bondpad_metal3_slot -legt 0 2.5 -notch not -metric opposite -para only -measure all -output region l16995;
SELECT -TOUCH bondpad_metal3_slot l16995 -eq 1 bondpad_metal3_slot_on_edge;
AND bondpad_metal2 bondpad_metal3 l93240;
SELECT -ENCLOSE l93240 via2 l67829;
SELECT -ENCLOSE l67829 via2 -ge 16 l11459;
NOT l67829 l11459 rule_bondpad_r_1_via2;
EXTE bondpad_metal3_slot bondpad_metal3_slot -eq 1.5 -notch not -metric opposite -para only -measure all -output region l39555;
NOT l16995 l39555 rule_bondpad_sp_5_metal3;
INTE bondpad_metal3_slot bondpad_metal3_slot -eq 1 -metric opposite -para only -output region l58458;
NOT bondpad_metal3_slot l58458 l54826;
NOT l54826 bondpad_metal3_slot_on_edge rule_bondpad_w_4_metal3;
AND metal4 bondpad_metal4_filled bondpad_metal4;
HOLES bondpad_metal4 l19452;
NOT l19452 bondpad_metal4 bondpad_metal4_slot;
EXTE bondpad_metal4_slot bondpad_metal4_slot -legt 0 2.5 -notch not -metric opposite -para only -measure all -output region l99714;
SELECT -TOUCH bondpad_metal4_slot l99714 -eq 1 bondpad_metal4_slot_on_edge;
AND bondpad_metal3 bondpad_metal4 l59064;
SELECT -ENCLOSE l59064 via3 l64598;
SELECT -ENCLOSE l64598 via3 -ge 16 l70022;
NOT l64598 l70022 rule_bondpad_r_1_via3;
EXTE bondpad_metal4_slot bondpad_metal4_slot -eq 1.5 -notch not -metric opposite -para only -measure all -output region l22274;
NOT l99714 l22274 rule_bondpad_sp_5_metal4;
INTE bondpad_metal4_slot bondpad_metal4_slot -eq 1 -metric opposite -para only -output region l75739;
NOT bondpad_metal4_slot l75739 l12310;
NOT l12310 bondpad_metal4_slot_on_edge rule_bondpad_w_4_metal4;
AND metal5 bondpad_metal5_filled bondpad_metal5;
HOLES bondpad_metal5 l19483;
NOT l19483 bondpad_metal5 bondpad_metal5_slot;
EXTE bondpad_metal5_slot bondpad_metal5_slot -legt 0 2.5 -notch not -metric opposite -para only -measure all -output region l82433;
SELECT -TOUCH bondpad_metal5_slot l82433 -eq 1 bondpad_metal5_slot_on_edge;
AND bondpad_metal4 bondpad_metal5 l24888;
SELECT -ENCLOSE l24888 via4 l80299;
SELECT -ENCLOSE l80299 via4 -ge 16 l26717;
NOT l80299 l26717 rule_bondpad_r_1_via4;
EXTE bondpad_metal5_slot bondpad_metal5_slot -eq 1.5 -notch not -metric opposite -para only -measure all -output region l4993;
NOT l82433 l4993 rule_bondpad_sp_5_metal5;
INTE bondpad_metal5_slot bondpad_metal5_slot -eq 1 -metric opposite -para only -output region l93020;
NOT bondpad_metal5_slot l93020 l89996;
NOT l89996 bondpad_metal5_slot_on_edge rule_bondpad_w_4_metal5;
AND metal6 bondpad_metal6_filled bondpad_metal6;
HOLES bondpad_metal6 l19514;
NOT l19514 bondpad_metal6 bondpad_metal6_slot;
EXTE bondpad_metal6_slot bondpad_metal6_slot -legt 0 2.5 -notch not -metric opposite -para only -measure all -output region l65152;
SELECT -TOUCH bondpad_metal6_slot l65152 -eq 1 bondpad_metal6_slot_on_edge;
AND bondpad_metal5 bondpad_metal6 l90712;
SELECT -ENCLOSE l90712 via5 l7391;
SELECT -ENCLOSE l7391 via5 -ge 16 l70564;
NOT l7391 l70564 rule_bondpad_r_1_via5;
EXTE bondpad_metal6_slot bondpad_metal6_slot -eq 1.5 -notch not -metric opposite -para only -measure all -output region l87712;
NOT l65152 l87712 rule_bondpad_sp_5_metal6;
INTE bondpad_metal6_slot bondpad_metal6_slot -eq 1 -metric opposite -para only -output region l10301;
NOT bondpad_metal6_slot l10301 l12270;
NOT l12270 bondpad_metal6_slot_on_edge rule_bondpad_w_4_metal6;
AND metal7 bondpad_metal7_filled bondpad_metal7;
HOLES bondpad_metal7 l19545;
NOT l19545 bondpad_metal7 bondpad_metal7_slot;
EXTE bondpad_metal7_slot bondpad_metal7_slot -legt 0 2.5 -notch not -metric opposite -para only -measure all -output region l47871;
SELECT -TOUCH bondpad_metal7_slot l47871 -eq 1 bondpad_metal7_slot_on_edge;
AND bondpad_metal6 bondpad_metal7 l43464;
SELECT -ENCLOSE l43464 via6 l77040;
SELECT -ENCLOSE l77040 via6 -ge 16 l69901;
NOT l77040 l69901 rule_bondpad_r_1_via6;
EXTE bondpad_metal7_slot bondpad_metal7_slot -eq 1.5 -notch not -metric opposite -para only -measure all -output region l70431;
NOT l47871 l70431 rule_bondpad_sp_5_metal7;
INTE bondpad_metal7_slot bondpad_metal7_slot -eq 1 -metric opposite -para only -output region l27582;
NOT bondpad_metal7_slot l27582 l43492;
NOT l43492 bondpad_metal7_slot_on_edge rule_bondpad_w_4_metal7;
AND metal8 bondpad_metal8_filled bondpad_metal8;
HOLES bondpad_metal8 l19576;
NOT l19576 bondpad_metal8 bondpad_metal8_slot;
EXTE bondpad_metal8_slot bondpad_metal8_slot -legt 0 2.5 -notch not -metric opposite -para only -measure all -output region l30590;
SELECT -TOUCH bondpad_metal8_slot l30590 -eq 1 bondpad_metal8_slot_on_edge;
AND bondpad_metal7 bondpad_metal8 l77640;
SELECT -ENCLOSE l77640 via7 l17326;
SELECT -ENCLOSE l17326 via7 -ge 4 l7990;
NOT l17326 l7990 rule_bondpad_r_2_via7;
EXTE bondpad_metal8_slot bondpad_metal8_slot -eq 1.5 -notch not -metric opposite -para only -measure all -output region l53150;
NOT l30590 l53150 rule_bondpad_sp_5_metal8;
INTE bondpad_metal8_slot bondpad_metal8_slot -eq 1 -metric opposite -para only -output region l44863;
NOT bondpad_metal8_slot l44863 l976;
NOT l976 bondpad_metal8_slot_on_edge rule_bondpad_w_4_metal8;
AND metal9 bondpad_metal9_filled bondpad_metal9;
AND bondpad_metal8 bondpad_metal9 l11816;
SELECT -ENCLOSE l11816 via8 l73128;
SELECT -ENCLOSE l73128 via8 -ge 4 l79085;
NOT l73128 l79085 rule_bondpad_r_2_via8;
SIZE cont -by 11 -inside_of oxide -step 0.1 l23312;
NOT oxide l23312 l29258;
SIZE oxide -by 0.09 -truncate 0.1272792 -underOver l39287;
NOT oxide l39287 l30786;
SELECT -INTERACT l29258 l30786 l45792;
SELECT -TOUCH l45792 l23312 rule_oxide_l_1_l_2;
SIZE bondpad_metal1_filled -by -1 -truncate 1.414214 l512;
SIZE l512 -by -24 -truncate 33.94113 l95323;
SIZE l95323 -by 1 -truncate 1.414214 l51361;
SIZE l51361 -by 19 -truncate 26.87006 l90795;
EDGE_BOOLEAN -COINCIDENT_ONLY l90795 l90795 T1__844;
EDGE_EXPAND T1__844 -outside_by 5 l19940;
EXTE bondpad_metal1_slot bondpad_metal1_slot -legt 0 10 -notch not -metric opposite -para only -measure all -output region l97067;
OR l97067 bondpad_metal1_slot l52936;
NOT bondpad_metal1_filled l52936 l47599;
INTE l47599 l47599 -eq 5 -metric opposite -para only -output region l53804;
SELECT -OUTSIDE l19940 l53804 rule_bondpad_w_5_metal1;
SIZE bondpad_metal2_filled -by -1 -truncate 1.414214 l58113;
SIZE l58113 -by -24 -truncate 33.94113 l36698;
SIZE l36698 -by 1 -truncate 1.414214 l43141;
SIZE l43141 -by 19 -truncate 26.87006 l3707;
EDGE_BOOLEAN -COINCIDENT_ONLY l3707 l3707 T1__854;
EDGE_EXPAND T1__854 -outside_by 5 l74735;
EXTE bondpad_metal2_slot bondpad_metal2_slot -legt 0 10 -notch not -metric opposite -para only -measure all -output region l74;
OR l74 bondpad_metal2_slot l81007;
NOT bondpad_metal2_filled l81007 l35857;
INTE l35857 l35857 -eq 5 -metric opposite -para only -output region l45326;
SELECT -OUTSIDE l74735 l45326 rule_bondpad_w_5_metal2;
SIZE bondpad_metal3_filled -by -1 -truncate 1.414214 l16738;
SIZE l16738 -by -24 -truncate 33.94113 l21927;
SIZE l21927 -by 1 -truncate 1.414214 l29544;
SIZE l29544 -by 19 -truncate 26.87006 l31022;
EDGE_BOOLEAN -COINCIDENT_ONLY l31022 l31022 T1__864;
EDGE_EXPAND T1__864 -outside_by 5 l77926;
EXTE bondpad_metal3_slot bondpad_metal3_slot -legt 0 10 -notch not -metric opposite -para only -measure all -output region l64215;
OR l64215 bondpad_metal3_slot l98923;
NOT bondpad_metal3_filled l98923 l56717;
INTE l56717 l56717 -eq 5 -metric opposite -para only -output region l53462;
SELECT -OUTSIDE l77926 l53462 rule_bondpad_w_5_metal3;
SIZE bondpad_metal4_filled -by -1 -truncate 1.414214 l75363;
SIZE l75363 -by -24 -truncate 33.94113 l80552;
SIZE l80552 -by 1 -truncate 1.414214 l35133;
SIZE l35133 -by 19 -truncate 26.87006 l95699;
EDGE_BOOLEAN -COINCIDENT_ONLY l95699 l95699 T1__874;
EDGE_EXPAND T1__874 -outside_by 5 l27426;
EXTE bondpad_metal4_slot bondpad_metal4_slot -legt 0 10 -notch not -metric opposite -para only -measure all -output region l61208;
OR l61208 bondpad_metal4_slot l90065;
NOT bondpad_metal4_filled l90065 l61675;
INTE l61675 l61675 -eq 5 -metric opposite -para only -output region l23149;
SELECT -OUTSIDE l27426 l23149 rule_bondpad_w_5_metal4;
SIZE bondpad_metal5_filled -by -1 -truncate 1.414214 l33988;
SIZE l33988 -by -24 -truncate 33.94113 l39177;
SIZE l39177 -by 1 -truncate 1.414214 l60748;
SIZE l60748 -by 19 -truncate 26.87006 l21314;
EDGE_BOOLEAN -COINCIDENT_ONLY l21314 l21314 T1__884;
EDGE_EXPAND T1__884 -outside_by 5 l61825;
EXTE bondpad_metal5_slot bondpad_metal5_slot -legt 0 10 -notch not -metric opposite -para only -measure all -output region l58201;
OR l58201 bondpad_metal5_slot l24897;
NOT bondpad_metal5_filled l24897 l91512;
INTE l91512 l91512 -eq 5 -metric opposite -para only -output region l26632;
SELECT -OUTSIDE l61825 l26632 rule_bondpad_w_5_metal5;
SIZE bondpad_metal6_filled -by -1 -truncate 1.414214 l92613;
SIZE l92613 -by -24 -truncate 33.94113 l97802;
SIZE l97802 -by 1 -truncate 1.414214 l54875;
SIZE l54875 -by 19 -truncate 26.87006 l15441;
EDGE_BOOLEAN -COINCIDENT_ONLY l15441 l15441 T1__894;
EDGE_EXPAND T1__894 -outside_by 5 l19957;
EXTE bondpad_metal6_slot bondpad_metal6_slot -legt 0 10 -notch not -metric opposite -para only -measure all -output region l55194;
OR l55194 bondpad_metal6_slot l74852;
NOT bondpad_metal6_filled l74852 l77773;
INTE l77773 l77773 -eq 5 -metric opposite -para only -output region l17229;
SELECT -OUTSIDE l19957 l17229 rule_bondpad_w_5_metal6;
SIZE bondpad_metal7_filled -by -1 -truncate 1.414214 l16058;
SIZE l16058 -by -24 -truncate 33.94113 l10869;
SIZE l10869 -by 1 -truncate 1.414214 l66181;
SIZE l66181 -by 19 -truncate 26.87006 l5615;
EDGE_BOOLEAN -COINCIDENT_ONLY l5615 l5615 T1__904;
EDGE_EXPAND T1__904 -outside_by 5 l24363;
EXTE bondpad_metal7_slot bondpad_metal7_slot -legt 0 10 -notch not -metric opposite -para only -measure all -output region l52187;
OR l52187 bondpad_metal7_slot l83586;
NOT bondpad_metal7_filled l83586 l20526;
INTE l20526 l20526 -eq 5 -metric opposite -para only -output region l2261;
SELECT -OUTSIDE l24363 l2261 rule_bondpad_w_5_metal7;
SIZE bondpad_metal8_filled -by -1 -truncate 1.414214 l57433;
SIZE l57433 -by -24 -truncate 33.94113 l52244;
SIZE l52244 -by 1 -truncate 1.414214 l75070;
SIZE l75070 -by 19 -truncate 26.87006 l85496;
EDGE_BOOLEAN -COINCIDENT_ONLY l85496 l85496 T1__914;
EDGE_EXPAND T1__914 -outside_by 5 l3964;
EXTE bondpad_metal8_slot bondpad_metal8_slot -legt 0 10 -notch not -metric opposite -para only -measure all -output region l49180;
OR l49180 bondpad_metal8_slot l18418;
NOT bondpad_metal8_filled l18418 l11829;
INTE l11829 l11829 -eq 5 -metric opposite -para only -output region l12231;
SELECT -OUTSIDE l3964 l12231 rule_bondpad_w_5_metal8;
AND metal1 metal2 l38712;
SELECT -ENCLOSE l38712 via1_x_2 l8073;
SIZE via1_x_2 -by 0.15 -truncate 0.212132 l62796;
AND l38712 l62796 l3292;
SELECT -ENCLOSE l3292 via1_x_2 -gt 3 l84071;
SELECT -OUTSIDE l8073 l84071 l71267;
SIZE via1_x_2 -by 0.3 -truncate 0.4242641 l62739;
AND l38712 l62739 l3109;
SELECT -ENCLOSE l3109 via1_x_2 -gt 8 l29299;
SELECT -OUTSIDE l71267 l29299 rule_via1_x_2;
SELECT -ENCLOSE l18248 via2_x_2 l18588;
SIZE via2_x_2 -by 0.15 -truncate 0.212132 l90995;
AND l18248 l90995 l49606;
SELECT -ENCLOSE l49606 via2_x_2 -gt 3 l66271;
SELECT -OUTSIDE l18588 l66271 l89859;
SIZE via2_x_2 -by 0.3 -truncate 0.4242641 l91052;
AND l18248 l91052 l70621;
SELECT -ENCLOSE l70621 via2_x_2 -gt 8 l66389;
SELECT -OUTSIDE l89859 l66389 rule_via2_x_2;
AND metal3 metal4 l92088;
SELECT -ENCLOSE l92088 via3_x_2 l45131;
SIZE via3_x_2 -by 0.15 -truncate 0.212132 l77490;
AND l77490 l92088 l64637;
SELECT -ENCLOSE l64637 via3_x_2 -gt 3 l11835;
SELECT -OUTSIDE l45131 l11835 l17874;
SIZE via3_x_2 -by 0.3 -truncate 0.4242641 l77547;
AND l77547 l92088 l97334;
SELECT -ENCLOSE l97334 via3_x_2 -gt 8 l31676;
SELECT -OUTSIDE l17874 l31676 rule_via3_x_2;
AND metal4 metal5 l2424;
SELECT -ENCLOSE l2424 via4_x_2 l91763;
SIZE via4_x_2 -by 0.15 -truncate 0.212132 l63985;
AND l2424 l63985 l2406;
SELECT -ENCLOSE l2406 via4_x_2 -gt 3 l1562;
SELECT -OUTSIDE l91763 l1562 l98807;
SIZE via4_x_2 -by 0.3 -truncate 0.4242641 l64042;
AND l2424 l64042 l23421;
SELECT -ENCLOSE l23421 via4_x_2 -gt 8 l65761;
SELECT -OUTSIDE l98807 l65761 rule_via4_x_2;
AND metal5 metal6 l54536;
SELECT -ENCLOSE l54536 via5_x_2 l74091;
SIZE via5_x_2 -by 0.15 -truncate 0.212132 l50480;
AND l50480 l54536 l47841;
SELECT -ENCLOSE l47841 via5_x_2 -gt 3 l17351;
SELECT -OUTSIDE l74091 l17351 l12707;
SIZE via5_x_2 -by 0.3 -truncate 0.4242641 l50537;
AND l50537 l54536 l53166;
SELECT -ENCLOSE l53166 via5_x_2 -gt 8 l35999;
SELECT -OUTSIDE l12707 l35999 rule_via5_x_2;
AND metal6 metal7 l55800;
SELECT -ENCLOSE l55800 via6_x_2 l62391;
SIZE via6_x_2 -by 0.15 -truncate 0.212132 l36975;
AND l36975 l55800 l17051;
SELECT -ENCLOSE l17051 via6_x_2 -gt 3 l59980;
SELECT -OUTSIDE l62391 l59980 l15581;
SIZE via6_x_2 -by 0.3 -truncate 0.4242641 l37032;
AND l37032 l55800 l93212;
SELECT -ENCLOSE l93212 via6_x_2 -gt 8 l40196;
SELECT -OUTSIDE l15581 l40196 rule_via6_x_2;
SELECT -ENCLOSE l38712 via1_x_1 l8074;
SIZE via1_x_1 -by 0.15 -truncate 0.212132 l91947;
AND l38712 l91947 l45832;
SELECT -ENCLOSE l45832 via1_x_1 -gt 1 l70080;
SELECT -OUTSIDE l8074 l70080 l96413;
SIZE via1_x_1 -by 0.3 -truncate 0.4242641 l91890;
AND l38712 l91890 l45019;
SELECT -ENCLOSE l45019 via1_x_1 -gt 3 l53699;
SELECT -OUTSIDE l96413 l53699 l53828;
NOT l53828 rule_via1_x_2 rule_via1_x_1;
SELECT -ENCLOSE l18248 via2_x_1 l18587;
SIZE via2_x_1 -by 0.15 -truncate 0.212132 l61844;
AND l18248 l61844 l7717;
SELECT -ENCLOSE l7717 via2_x_1 -gt 1 l38181;
SELECT -OUTSIDE l18587 l38181 l67613;
SIZE via2_x_1 -by 0.3 -truncate 0.4242641 l61901;
AND l18248 l61901 l8551;
SELECT -ENCLOSE l8551 via2_x_1 -gt 3 l51226;
SELECT -OUTSIDE l67613 l51226 l36344;
NOT l36344 rule_via2_x_2 rule_via2_x_1;
SELECT -ENCLOSE l92088 via3_x_1 l45132;
SIZE via3_x_1 -by 0.15 -truncate 0.212132 l48339;
AND l48339 l92088 l32665;
SELECT -ENCLOSE l32665 via3_x_1 -gt 1 l4930;
SELECT -OUTSIDE l45132 l4930 l84908;
SIZE via3_x_1 -by 0.3 -truncate 0.4242641 l48396;
AND l48396 l92088 l44066;
SELECT -ENCLOSE l44066 via3_x_1 -gt 3 l42854;
SELECT -OUTSIDE l84908 l42854 l59033;
NOT l59033 rule_via3_x_2 rule_via3_x_1;
SELECT -ENCLOSE l2424 via4_x_1 l91762;
SIZE via4_x_1 -by 0.15 -truncate 0.212132 l34834;
AND l2424 l34834 l60517;
SELECT -ENCLOSE l60517 via4_x_1 -gt 1 l96440;
SELECT -OUTSIDE l91762 l96440 l31171;
SIZE via4_x_1 -by 0.3 -truncate 0.4242641 l34891;
AND l2424 l34891 l60700;
SELECT -ENCLOSE l60700 via4_x_1 -gt 3 l80442;
SELECT -OUTSIDE l31171 l80442 l53786;
NOT l53786 rule_via4_x_2 rule_via4_x_1;
SELECT -ENCLOSE l54536 via5_x_1 l74092;
SIZE via5_x_1 -by 0.15 -truncate 0.212132 l21329;
AND l21329 l54536 l17835;
SELECT -ENCLOSE l17835 via5_x_1 -gt 1 l62342;
SELECT -OUTSIDE l74092 l62342 l75634;
SIZE via5_x_1 -by 0.3 -truncate 0.4242641 l21386;
AND l21386 l54536 l6434;
SELECT -ENCLOSE l6434 via5_x_1 -gt 3 l39709;
SELECT -OUTSIDE l75634 l39709 l46534;
NOT l46534 rule_via5_x_2 rule_via5_x_1;
SELECT -ENCLOSE l55800 via6_x_1 l62390;
SIZE via6_x_1 -by 0.15 -truncate 0.212132 l7824;
AND l55800 l7824 l86972;
SELECT -ENCLOSE l86972 via6_x_1 -gt 1 l41787;
SELECT -OUTSIDE l62390 l41787 l89680;
SIZE via6_x_1 -by 0.3 -truncate 0.4242641 l7881;
AND l55800 l7881 l86789;
SELECT -ENCLOSE l86789 via6_x_1 -gt 3 l25793;
SELECT -OUTSIDE l89680 l25793 l95770;
NOT l95770 rule_via6_x_2 rule_via6_x_1;
EXTE bondpad_metal1_filled bondpad_metal1_filled -legt 0 40 -notch not -metric opposite -para only -measure all -output region l75346;
NOT bondpad_metal1_filled l75346 l78279;
VERTEX l78279 -lt 8 rule_bondpad_b_1_m1;
EXTE bondpad_metal2_filled bondpad_metal2_filled -legt 0 40 -notch not -metric opposite -para only -measure all -output region l76463;
NOT bondpad_metal2_filled l76463 l6397;
VERTEX l6397 -lt 8 rule_bondpad_b_1_m2;
EXTE bondpad_metal3_filled bondpad_metal3_filled -legt 0 40 -notch not -metric opposite -para only -measure all -output region l28272;
NOT bondpad_metal3_filled l28272 l85497;
VERTEX l85497 -lt 8 rule_bondpad_b_1_m3;
EXTE bondpad_metal4_filled bondpad_metal4_filled -legt 0 40 -notch not -metric opposite -para only -measure all -output region l87215;
NOT bondpad_metal4_filled l87215 l48458;
VERTEX l48458 -lt 8 rule_bondpad_b_1_m4;
EXTE bondpad_metal5_filled bondpad_metal5_filled -legt 0 40 -notch not -metric opposite -para only -measure all -output region l64594;
NOT bondpad_metal5_filled l64594 l314;
VERTEX l314 -lt 8 rule_bondpad_b_1_m5;
EXTE bondpad_metal6_filled bondpad_metal6_filled -legt 0 40 -notch not -metric opposite -para only -measure all -output region l50893;
NOT bondpad_metal6_filled l50893 l11692;
VERTEX l11692 -lt 8 rule_bondpad_b_1_m6;
EXTE bondpad_metal7_filled bondpad_metal7_filled -legt 0 40 -notch not -metric opposite -para only -measure all -output region l99084;
NOT bondpad_metal7_filled l99084 l17986;
VERTEX l17986 -lt 8 rule_bondpad_b_1_m7;
EXTE bondpad_metal8_filled bondpad_metal8_filled -legt 0 40 -notch not -metric opposite -para only -measure all -output region l52725;
NOT bondpad_metal8_filled l52725 l93580;
VERTEX l93580 -lt 8 rule_bondpad_b_1_m8;
EXTE bondpad_metal9_filled bondpad_metal9_filled -legt 0 40 -notch not -metric opposite -para only -measure all -output region l62762;
NOT bondpad_metal9_filled l62762 l81871;
VERTEX l81871 -lt 8 rule_bondpad_b_1_m9;
DISCONNECT
CONNECT bondpad metal9_conn -by bp_tap;
CONNECT metal1_conn npn_base -by cont_base;
CONNECT metal1_conn npn_coll -by cont_coll;
CONNECT metal1_conn npn_emit -by cont_emit;
CONNECT metal1_conn ndiff_conn -by cont_ndiff;
CONNECT metal1_conn pdiff_conn -by cont_pdiff;
CONNECT metal1_conn poly_conn -by cont_poly;
CONNECT ind_term1 metal2_conn -by ind_term1_tap;
CONNECT ind_term2 metal2_conn -by ind_term2_tap;
CONNECT metal1_conn metal1_p -by metal1_v;
CONNECT metal2_conn metal2_p -by metal2_v;
CONNECT metal3_conn metal3_p -by metal3_v;
CONNECT metal4_conn metal4_p -by metal4_v;
CONNECT metal5_conn metal5_p -by metal5_v;
CONNECT metal6_conn metal6_p -by metal6_v;
CONNECT metal7_conn metal7_p -by metal7_v;
CONNECT metal8_conn metal8_p -by metal8_v;
CONNECT metal9_conn metal9_p -by metal9_v;
CONNECT metal1_conn metal2_conn -by via1;
CONNECT capmetal metal3_conn -by via2_cap;
CONNECT metal2_conn metal3_conn -by via2_out_capind;
CONNECT metal3_conn metal4_conn -by via3;
CONNECT metal4_conn metal5_conn -by via4;
CONNECT metal5_conn metal6_conn -by via5;
CONNECT metal6_conn metal7_conn -by via6;
CONNECT metal7_conn metal8_conn -by via7;
CONNECT metal8_conn metal9_conn -by via8;
TEXT_LAYER metal9_p_text metal9_p_text metal8_p_text metal8_p_text metal7_p_text metal7_p_text metal6_p_text metal6_p_text metal5_p_text metal5_p_text metal4_p_text metal4_p_text metal3_p_text metal3_p_text metal2_p_text metal2_p_text metal1_p_text metal1_p_text;
ATTACH metal9_p_text metal9_p;
ATTACH metal9_p_text metal9_conn;
ATTACH metal8_p_text metal8_p;
ATTACH metal8_p_text metal8_conn;
ATTACH metal7_p_text metal7_p;
ATTACH metal7_p_text metal7_conn;
ATTACH metal6_p_text metal6_p;
ATTACH metal6_p_text metal6_conn;
ATTACH metal5_p_text metal5_p;
ATTACH metal5_p_text metal5_conn;
ATTACH metal4_p_text metal4_p;
ATTACH metal4_p_text metal4_conn;
ATTACH metal3_p_text metal3_p;
ATTACH metal3_p_text metal3_conn;
ATTACH metal2_p_text metal2_p;
ATTACH metal2_p_text metal2_conn;
ATTACH metal1_p_text metal1_p;
ATTACH metal1_p_text metal1_conn;
COPY ptap ptap__2;
CONNECT pdiff_conn ptap__2;
CONNECT ptap__2 ptap;
EXTE ptap__2 pdiff_conn -eq 0 -inside_also -output region -not_connected T1__1067;
SELECT -OUTSIDE ptap__2 T1__1067 T2__1067;
NOT ptap__2 T2__1067 ptap_stamperrormult;
SELECT -OUTSIDE pdiff_conn T1__1067 T3__1067;
NOT pdiff_conn T3__1067 ptap_stamperrorconnect;
EXTE ptap__2 pdiff_conn -eq 0 -inside_also -output region -connected T5__1067;
CAT T1__1067 T5__1067 T6__1067;
SELECT -OUTSIDE ptap__2 T6__1067 ptap_stamperrorfloat;

RULE ptap_stamperrormult {
    CAPTION ptap_StampErrorMult ;
    COPY ptap_stamperrormult;
}

RULE ptap_stamperrorconnect {
    CAPTION ptap_StampErrorConnect ;
    COPY ptap_stamperrorconnect;
}

RULE ptap_stamperrorfloat {
    CAPTION ptap_StampErrorFloat ;
    COPY ptap_stamperrorfloat;
}
COPY psubstrate psubstrate__2;
CONNECT ptap__2 psubstrate__2;
CONNECT psubstrate__2 psubstrate;
EXTE psubstrate__2 ptap__2 -eq 0 -inside_also -output region -not_connected T1__1068;
SELECT -OUTSIDE psubstrate__2 T1__1068 T2__1068;
NOT psubstrate__2 T2__1068 psubstrate_stamperrormult;
SELECT -OUTSIDE ptap__2 T1__1068 T3__1068;
NOT ptap__2 T3__1068 psubstrate_stamperrorconnect;
EXTE psubstrate__2 ptap__2 -eq 0 -inside_also -output region -connected T5__1068;
CAT T1__1068 T5__1068 T6__1068;
SELECT -OUTSIDE psubstrate__2 T6__1068 psubstrate_stamperrorfloat;

RULE psubstrate_stamperrormult {
    CAPTION psubstrate_StampErrorMult ;
    COPY psubstrate_stamperrormult;
}

RULE psubstrate_stamperrorconnect {
    CAPTION psubstrate_StampErrorConnect ;
    COPY psubstrate_stamperrorconnect;
}

RULE psubstrate_stamperrorfloat {
    CAPTION psubstrate_StampErrorFloat ;
    COPY psubstrate_stamperrorfloat;
}
COPY ntap ntap__2;
CONNECT ndiff_conn ntap__2;
CONNECT ntap__2 ntap;
EXTE ntap__2 ndiff_conn -eq 0 -inside_also -output region -not_connected T1__1069;
SELECT -OUTSIDE ntap__2 T1__1069 T2__1069;
NOT ntap__2 T2__1069 ntap_stamperrormult;
SELECT -OUTSIDE ndiff_conn T1__1069 T3__1069;
NOT ndiff_conn T3__1069 ntap_stamperrorconnect;
EXTE ntap__2 ndiff_conn -eq 0 -inside_also -output region -connected T5__1069;
CAT T1__1069 T5__1069 T6__1069;
SELECT -OUTSIDE ntap__2 T6__1069 ntap_stamperrorfloat;

RULE ntap_stamperrormult {
    CAPTION ntap_StampErrorMult ;
    COPY ntap_stamperrormult;
}

RULE ntap_stamperrorconnect {
    CAPTION ntap_StampErrorConnect ;
    COPY ntap_stamperrorconnect;
}

RULE ntap_stamperrorfloat {
    CAPTION ntap_StampErrorFloat ;
    COPY ntap_stamperrorfloat;
}
COPY nwell_conn nwell_conn__2;
CONNECT ntap__2 nwell_conn__2;
CONNECT nwell_conn__2 nwell_conn;
EXTE nwell_conn__2 ntap__2 -eq 0 -inside_also -output region -not_connected T1__1070;
SELECT -OUTSIDE nwell_conn__2 T1__1070 T2__1070;
NOT nwell_conn__2 T2__1070 nwell_conn_stamperrormult;
SELECT -OUTSIDE ntap__2 T1__1070 T3__1070;
NOT ntap__2 T3__1070 nwell_conn_stamperrorconnect;
EXTE nwell_conn__2 ntap__2 -eq 0 -inside_also -output region -connected T5__1070;
CAT T1__1070 T5__1070 T6__1070;
SELECT -OUTSIDE nwell_conn__2 T6__1070 nwell_conn_stamperrorfloat;

RULE nwell_conn_stamperrormult {
    CAPTION nwell_conn_StampErrorMult ;
    COPY nwell_conn_stamperrormult;
}

RULE nwell_conn_stamperrorconnect {
    CAPTION nwell_conn_StampErrorConnect ;
    COPY nwell_conn_stamperrorconnect;
}

RULE nwell_conn_stamperrorfloat {
    CAPTION nwell_conn_StampErrorFloat ;
    COPY nwell_conn_stamperrorfloat;
}
COPY nb_tap nb_tap__2;
CONNECT nwell_conn__2 nb_tap__2;
CONNECT nb_tap__2 nb_tap;
EXTE nb_tap__2 nwell_conn__2 -eq 0 -inside_also -output region -not_connected T1__1071;
SELECT -OUTSIDE nb_tap__2 T1__1071 T2__1071;
NOT nb_tap__2 T2__1071 nb_tap_stamperrormult;
SELECT -OUTSIDE nwell_conn__2 T1__1071 T3__1071;
NOT nwell_conn__2 T3__1071 nb_tap_stamperrorconnect;
EXTE nb_tap__2 nwell_conn__2 -eq 0 -inside_also -output region -connected T5__1071;
CAT T1__1071 T5__1071 T6__1071;
SELECT -OUTSIDE nb_tap__2 T6__1071 nb_tap_stamperrorfloat;

RULE nb_tap_stamperrormult {
    CAPTION nb_tap_StampErrorMult ;
    COPY nb_tap_stamperrormult;
}

RULE nb_tap_stamperrorconnect {
    CAPTION nb_tap_StampErrorConnect ;
    COPY nb_tap_stamperrorconnect;
}

RULE nb_tap_stamperrorfloat {
    CAPTION nb_tap_StampErrorFloat ;
    COPY nb_tap_stamperrorfloat;
}
COPY nburied nburied__2;
CONNECT nb_tap__2 nburied__2;
CONNECT nburied__2 nburied;
EXTE nburied__2 nb_tap__2 -eq 0 -inside_also -output region -not_connected T1__1072;
SELECT -OUTSIDE nburied__2 T1__1072 T2__1072;
NOT nburied__2 T2__1072 nburied_stamperrormult;
SELECT -OUTSIDE nb_tap__2 T1__1072 T3__1072;
NOT nb_tap__2 T3__1072 nburied_stamperrorconnect;
EXTE nburied__2 nb_tap__2 -eq 0 -inside_also -output region -connected T5__1072;
CAT T1__1072 T5__1072 T6__1072;
SELECT -OUTSIDE nburied__2 T6__1072 nburied_stamperrorfloat;

RULE nburied_stamperrormult {
    CAPTION Nburied_StampErrorMult ;
    COPY nburied_stamperrormult;
}

RULE nburied_stamperrorconnect {
    CAPTION Nburied_StampErrorConnect ;
    COPY nburied_stamperrorconnect;
}

RULE nburied_stamperrorfloat {
    CAPTION Nburied_StampErrorFloat ;
    COPY nburied_stamperrorfloat;
}
AND esddummy ndiff_conn l94243;
ANTENNA ndiff_conn bondpad -gt 0 -expr "(area(ndiff_conn) + area(bondpad))" -output l80382;
COPY l80382 l80382__2;
CONNECT ndiff_conn l80382__2;
CONNECT l80382__2 l80382;
EXTE l80382__2 ndiff_conn -eq 0 -inside_also -output region -not_connected T1__1075;
SELECT -OUTSIDE l80382__2 T1__1075 T2__1075;
NOT l80382__2 T2__1075 l80382_stamperrormult;
SELECT -OUTSIDE ndiff_conn T1__1075 T3__1075;
NOT ndiff_conn T3__1075 l80382_stamperrorconnect;
EXTE l80382__2 ndiff_conn -eq 0 -inside_also -output region -connected T5__1075;
CAT T1__1075 T5__1075 T6__1075;
SELECT -OUTSIDE l80382__2 T6__1075 l80382_stamperrorfloat;

RULE l80382_stamperrormult {
    CAPTION l80382_stamperrormult ;
    COPY l80382_stamperrormult;
}

RULE l80382_stamperrorconnect {
    CAPTION l80382_stamperrorconnect ;
    COPY l80382_stamperrorconnect;
}

RULE l80382_stamperrorfloat {
    CAPTION l80382_stamperrorfloat ;
    COPY l80382_stamperrorfloat;
}
SELECT -TOUCH poly l80382__2 l73764;
SELECT -TOUCH l94243 l73764 nmos_io_esd;
AND esddummy pdiff_conn l21253;
ANTENNA pdiff_conn bondpad -gt 0 -expr "(area(pdiff_conn) + area(bondpad))" -output l64324;
COPY l64324 l64324__2;
CONNECT pdiff_conn l64324__2;
CONNECT l64324__2 l64324;
EXTE l64324__2 pdiff_conn -eq 0 -inside_also -output region -not_connected T1__1080;
SELECT -OUTSIDE l64324__2 T1__1080 T2__1080;
NOT l64324__2 T2__1080 l64324_stamperrormult;
SELECT -OUTSIDE pdiff_conn T1__1080 T3__1080;
NOT pdiff_conn T3__1080 l64324_stamperrorconnect;
EXTE l64324__2 pdiff_conn -eq 0 -inside_also -output region -connected T5__1080;
CAT T1__1080 T5__1080 T6__1080;
SELECT -OUTSIDE l64324__2 T6__1080 l64324_stamperrorfloat;

RULE l64324_stamperrormult {
    CAPTION l64324_stamperrormult ;
    COPY l64324_stamperrormult;
}

RULE l64324_stamperrorconnect {
    CAPTION l64324_stamperrorconnect ;
    COPY l64324_stamperrorconnect;
}

RULE l64324_stamperrorfloat {
    CAPTION l64324_stamperrorfloat ;
    COPY l64324_stamperrorfloat;
}
SELECT -TOUCH poly l64324__2 l1826;
SELECT -TOUCH l21253 l1826 pmos_io_esd;
SELECT -TOUCH nsd_esd poly -eq 1 l78152;
ANTENNA ndiff_conn psubstrate__2 -gt 0 -expr "(area(ndiff_conn) + area(psubstrate__2))" -output l10595;
COPY l10595 l10595__2;
CONNECT ndiff_conn l10595__2;
CONNECT l10595__2 l10595;
EXTE l10595__2 ndiff_conn -eq 0 -inside_also -output region -not_connected T1__1085;
SELECT -OUTSIDE l10595__2 T1__1085 T2__1085;
NOT l10595__2 T2__1085 l10595_stamperrormult;
SELECT -OUTSIDE ndiff_conn T1__1085 T3__1085;
NOT ndiff_conn T3__1085 l10595_stamperrorconnect;
EXTE l10595__2 ndiff_conn -eq 0 -inside_also -output region -connected T5__1085;
CAT T1__1085 T5__1085 T6__1085;
SELECT -OUTSIDE l10595__2 T6__1085 l10595_stamperrorfloat;

RULE l10595_stamperrormult {
    CAPTION l10595_stamperrormult ;
    COPY l10595_stamperrormult;
}

RULE l10595_stamperrorconnect {
    CAPTION l10595_stamperrorconnect ;
    COPY l10595_stamperrorconnect;
}

RULE l10595_stamperrorfloat {
    CAPTION l10595_stamperrorfloat ;
    COPY l10595_stamperrorfloat;
}
OR l10595__2 l80382__2 l87558;
NOT l78152 l87558 rule_esd_4_nmos;
SELECT -TOUCH psd_esd poly -eq 1 l90202;
ANTENNA pdiff_conn nwell_conn__2 -gt 0 -expr "(area(pdiff_conn) + area(nwell_conn__2))" -output l65219;
COPY l65219 l65219__2;
CONNECT pdiff_conn l65219__2;
CONNECT l65219__2 l65219;
EXTE l65219__2 pdiff_conn -eq 0 -inside_also -output region -not_connected T1__1090;
SELECT -OUTSIDE l65219__2 T1__1090 T2__1090;
NOT l65219__2 T2__1090 l65219_stamperrormult;
SELECT -OUTSIDE pdiff_conn T1__1090 T3__1090;
NOT pdiff_conn T3__1090 l65219_stamperrorconnect;
EXTE l65219__2 pdiff_conn -eq 0 -inside_also -output region -connected T5__1090;
CAT T1__1090 T5__1090 T6__1090;
SELECT -OUTSIDE l65219__2 T6__1090 l65219_stamperrorfloat;

RULE l65219_stamperrormult {
    CAPTION l65219_stamperrormult ;
    COPY l65219_stamperrormult;
}

RULE l65219_stamperrorconnect {
    CAPTION l65219_stamperrorconnect ;
    COPY l65219_stamperrorconnect;
}

RULE l65219_stamperrorfloat {
    CAPTION l65219_stamperrorfloat ;
    COPY l65219_stamperrorfloat;
}
OR l64324__2 l65219__2 l40217;
NOT l90202 l40217 rule_esd_4_pmos;
SELECT -TOUCH nsd_esd poly -eq 2 l78153;
NOT l78153 l87558 l40153;
SELECT -OUTSIDE l40153 siprot rule_esd_8_nmos;
SELECT -TOUCH psd_esd poly -eq 2 l90201;
ANTENNA pdiff_conn psubstrate__2 -gt 0 -expr "(area(pdiff_conn) + area(psubstrate__2))" -output l12421;
COPY l12421 l12421__2;
CONNECT pdiff_conn l12421__2;
CONNECT l12421__2 l12421;
EXTE l12421__2 pdiff_conn -eq 0 -inside_also -output region -not_connected T1__1098;
SELECT -OUTSIDE l12421__2 T1__1098 T2__1098;
NOT l12421__2 T2__1098 l12421_stamperrormult;
SELECT -OUTSIDE pdiff_conn T1__1098 T3__1098;
NOT pdiff_conn T3__1098 l12421_stamperrorconnect;
EXTE l12421__2 pdiff_conn -eq 0 -inside_also -output region -connected T5__1098;
CAT T1__1098 T5__1098 T6__1098;
SELECT -OUTSIDE l12421__2 T6__1098 l12421_stamperrorfloat;

RULE l12421_stamperrormult {
    CAPTION l12421_stamperrormult ;
    COPY l12421_stamperrormult;
}

RULE l12421_stamperrorconnect {
    CAPTION l12421_stamperrorconnect ;
    COPY l12421_stamperrorconnect;
}

RULE l12421_stamperrorfloat {
    CAPTION l12421_stamperrorfloat ;
    COPY l12421_stamperrorfloat;
}
OR l12421__2 l64324__2 l42888;
NOT l90201 l42888 l65050;
SELECT -OUTSIDE l65050 siprot rule_esd_8_pmos;
INTE nburied__2 nburied__2 -lt 3.2 -output region l83612;

RULE NBL.W.1 {
    CAPTION NBL.W.1: Nburied width must be >= 3.2 um ;
    COPY l83612;
}
ENC nwell nburied__2 -lt 0.4 -abut eq 0 -output region l91445;

RULE NBL.E.1 {
    CAPTION NBL.E.1: Nburied to Nwell enclosure must be >= 0.4 um ;
    COPY l91445;
}
EXTE nburied__2 nburied__2 -lt 5 -notch not -not_connected -measure all -output region l3284;

RULE NBL.SP.1 {
    CAPTION NBL.SP.1: Nburied to Nburied spacing must be >= 5.0 um ;
    COPY l3284;
}
SELECT -CUT nburied__2 oxide l84532;
SELECT -CUT oxide nburied__2 l23988;
AND l23988 l84532 l2070;

RULE NBL.SE.2 {
    CAPTION NBL.SE.2: Nburied to Oxide spacing must be >= 2.2 um ;
    COPY l2070;
}
EXTE nburied__2 oxide -lt 2.2 -abut lt 90 -measure all -output region l22228;

RULE NBL.SE.2__2 {
    CAPTION NBL.SE.2: Nburied to Oxide spacing must be >= 2.2 um ;
    COPY l22228;
}
EXTE nburied__2 nwell -lt 4.4 -abut lt 90 -measure all -output region l31949;

RULE NBL.SE.1 {
    CAPTION NBL.SE.1: Nburied to non-related Nwell spacing must be >= 4.4 um ;
    COPY l31949;
}
AND nburied__2 pimp l74071;
AND l74071 oxide l86534;
AND l90545 nburied__2 l99790;
SELECT -CUT l86534 l99790 l2314;
NOT l2314 l99790 l74105;

RULE NBL.SE.3 {
    CAPTION NBL.SE.3: Nwell ring (on Nburied) to P+ Oxide spacing must be >= 0.5 um ;
    COPY l74105;
}
ENC l86534 l99790 -lt 0.5 -abut eq 0 -output region l30045;

RULE NBL.SE.3__2 {
    CAPTION NBL.SE.3: Nwell ring (on Nburied) to P+ Oxide spacing must be >= 0.5 um ;
    COPY l30045;
}
AND nburied__2 nimp l27029;
AND l27029 oxide l98901;
SELECT -CUT l98901 l99790 l25881;
NOT l25881 l99790 l4295;

RULE NBL.SE.4 {
    CAPTION NBL.SE.4: Nwell ring (on Nburied) to N+ Oxide spacing must be >= 0.4 um ;
    COPY l4295;
}
ENC l98901 l99790 -lt 0.4 -abut eq 0 -output region l43749;

RULE NBL.SE.4__2 {
    CAPTION NBL.SE.4: Nwell ring (on Nburied) to N+ Oxide spacing must be >= 0.4 um ;
    COPY l43749;
}

RULE NBL.X.1 {
    CAPTION NBL.X.1: Nburied must have an Nwell isolation ring ;
    COPY rule_nbl_x_1;
}
EXTE nwell_conn__2 nwell_conn__2 -lt 0.6 -notch not -connected -measure all -output region l93994;

RULE NW.SP.1 {
    CAPTION NW.SP.1: Nwell to Nwell spacing (same potential) must be >= 0.6 um ;
    COPY l93994;
}
EXTE nwell_conn__2 nwell_conn__2 -lt 0.06 -notch only -abut lt 90 -measure all -output region l59839;

RULE NW.SP.1__2 {
    CAPTION NW.SP.1: Nwell to Nwell spacing (same potential) must be >= 0.6 um ;
    COPY l59839;
}
SELECT -CUT nwell_conn__2 nwellres l98679;
SELECT -CUT nwellres nwell_conn__2 l9823;
AND l9823 l98679 l94629;

RULE NW.SP.2 {
    CAPTION NW.SP.2: Nwell to Nwell spacing (diferent potential) must be >= 1.2 um ;
    COPY l94629;
}
EXTE nwell_conn__2 nwellres -ltgt 0 1.2 -measure all -output region l83548;

RULE NW.SP.2__2 {
    CAPTION NW.SP.2: Nwell to Nwell spacing (diferent potential) must be >= 1.2 um ;
    COPY l83548;
}
EXTE nwellres nwellres -lt 1.2 -abut lt 90 -measure all -output region l50989;

RULE NW.SP.2__3 {
    CAPTION NW.SP.2: Nwell to Nwell spacing (diferent potential) must be >= 1.2 um ;
    COPY l50989;
}
INTE nwell nwell -lt 0.6 -output region l21630;

RULE NW.W.1 {
    CAPTION NW.W.1: Nwell width must be >= 0.6 um ;
    COPY l21630;
}
EXTE nwell_conn__2 nwell_conn__2 -lt 0.2 -notch not -not_connected -measure all -output region l73112;
NOT l73112 reswdum l73112a;

RULE NW.SP.2__4 {
    CAPTION NW.SP.2: Nwell to Nwell spacing (diferent potential) must be >= 1.2 um ;
    COPY l73112a;
}
EXTE nwell nactive -lt 0.3 -abut lt 90 -measure all -output region l32021;

RULE NW.SE.1 {
    CAPTION NW.SE.1: Nwell to Oxide spacing must be >= 0.3 um ;
    COPY l32021;
}
SELECT -CUT nwell pactive l62778;
SELECT -CUT pactive nwell l30714;
AND l30714 l62778 l77609;

RULE NW.SE.2 {
    CAPTION NW.SE.2: Nwell to P+ Oxide spacing must be >= 0.3 um ;
    COPY l77609;
}
EXTE nwell pactive -lt 0.3 -abut lt 90 -measure all -output region l36333;

RULE NW.SE.2__2 {
    CAPTION NW.SE.2: Nwell to P+ Oxide spacing must be >= 0.3 um ;
    COPY l36333;
}
AND nimp oxide_thk l76283;
AND l76283 oxide l82759;
SELECT -CUT nwell l82759 l41357;
SELECT -CUT l82759 nwell l56501;
AND l41357 l56501 l11463;

RULE NW.SE.3 {
    CAPTION NW.SE.3: Nwell to N+ 2.5V Oxide spacing must be >= 0.5 um ;
    COPY l11463;
}
EXTE nwell l82759 -lt 0.5 -abut lt 90 -measure all -output region l29596;

RULE NW.SE.3__2 {
    CAPTION NW.SE.3: Nwell to N+ 2.5V Oxide spacing must be >= 0.5 um ;
    COPY l29596;
}
AND oxide_thk pimp l53593;
AND l53593 oxide l56394;
SELECT -CUT nwell l56394 l32513;
SELECT -CUT l56394 nwell l23881;
AND l23881 l32513 l38094;

RULE NW.SE.4 {
    CAPTION NW.SE.4: Nwell to P+ 2.5V Oxide spacing must be >= 0.5 um ;
    COPY l38094;
}
EXTE nwell l56394 -lt 0.5 -abut lt 90 -measure all -output region l56;

RULE NW.SE.4__2 {
    CAPTION NW.SE.4: Nwell to P+ 2.5V Oxide spacing must be >= 0.5 um ;
    COPY l56;
}
NOT nimp nwell_in_od_res l33070;
AND l33070 oxide l90910;
NOT nwell nwell_in_od_res l7696;
ENC l90910 l7696 -lt 0 -abut eq 0 -output region l38040;

RULE NW.E.1 {
    CAPTION NW.E.1: Nwell to N+ Oxide enclosure must be >= 0.12 um ;
    COPY l38040;
}
NOT l30714 nwell l14220;

RULE NW.E.2 {
    CAPTION NW.E.2: Nwell to P+ Oxide enclosure must be >= 0.12 um ;
    COPY l14220;
}
ENC pactive nwell -lt 0.01 -abut eq 0 -output region l79719;

RULE NW.E.2__2 {
    CAPTION NW.E.2: Nwell to P+ Oxide enclosure must be >= 0.12 um ;
    COPY l79719;
}
NOT l56501 nwell l76140;

RULE NW.E.3 {
    CAPTION NW.E.3: Nwell to N+ 2.5V Oxide enclosure must be >= 0.7 um ;
    COPY l76140;
}
ENC l82759 nwell -lt 0.7 -abut eq 0 -output region l85348;

RULE NW.E.3__2 {
    CAPTION NW.E.3: Nwell to N+ 2.5V Oxide enclosure must be >= 0.7 um ;
    COPY l85348;
}
NOT l23881 nwell l11847;

RULE NW.E.4 {
    CAPTION NW.E.4: Nwell to P+ 2.5V Oxide enclosure must be >= 0.7 um ;
    COPY l11847;
}
ENC l56394 nwell -lt 0.7 -abut eq 0 -output region l39856;

RULE NW.E.4__2 {
    CAPTION NW.E.4: Nwell to P+ 2.5V Oxide enclosure must be >= 0.7 um ;
    COPY l39856;
}
EXTE siprot nwell_in_od_res -lt 0.32 -abut lt 90 -measure all -output region l81045;

RULE NWR.SE.1 {
    CAPTION NWR.SE.1: Nwell (in resistor) to SiProt spacing must be >= 0.32 um ;
    COPY l81045;
}
SELECT -CUT nwell_in_od_res oxide l54878;
NOT l54878 oxide l26198;

RULE NWR.E.1 {
    CAPTION NWR.E.1: Oxide to Nwell (in resistor) enclosure must be >= 1.2 um ;
    COPY l26198;
}
ENC nwell_in_od_res oxide -lt 1.2 -abut eq 0 -output region l9221;

RULE NWR.E.1__2 {
    CAPTION NWR.E.1: Oxide to Nwell (in resistor) enclosure must be >= 1.2 um ;
    COPY l9221;
}
SELECT -CUT cont nwell_in_od_res l75719;
NOT l75719 nwell_in_od_res l52087;

RULE NWR.E.2 {
    CAPTION NWR.E.2: Nwell (in resistor) to Cont enclosure must be >= 0.32 um ;
    COPY l52087;
}
ENC cont nwell_in_od_res -lt 0.32 -abut eq 0 -output region l26142;

RULE NWR.E.2__2 {
    CAPTION NWR.E.2: Nwell (in resistor) to Cont enclosure must be >= 0.32 um ;
    COPY l26142;
}
INTE nimp siprot_in_nwell_res -lt 0.45 -output region l94333;

RULE NWR.O.1 {
    CAPTION NWR.O.1: SiProt to Nimp overlap must be >= 0.45 um ;
    COPY l94333;
}
AND oxide_thk nwell_in_od_res l42992;

RULE NWR.X.1 {
    CAPTION NWR.X.1: Thick Oxide is NOT allowed over Nwell resistor ;
    COPY l42992;
}
INTE oxide oxide -lt 0.1 -output region l49630;

RULE OXIDE.W.1 {
    CAPTION OXIDE.W.1: Oxide width must be >= 0.1 um ;
    COPY l49630;
}
AND nimp poly l62712;
NOT l62712 oxide_thk l75280;
EDGE_BOOLEAN -INSIDE oxide l75280 l58069;
INTE l58069 l58069 -lt 0.12 -output region l57483;

RULE OXIDE.W.2.1.1 {
    CAPTION OXIDE.W.2.1.1: 1.2V N-channel gate width must be >= 0.12 um ;
    COPY l57483;
}
AND l76283 poly l19348;
EDGE_BOOLEAN -INSIDE oxide l19348 l96558;
INTE l96558 l96558 -lt 0.15 -output region l83789;

RULE OXIDE.W.2.1.2 {
    CAPTION OXIDE.W.2.1.2: 2.5V N-channel gate width must be >= 0.15 um ;
    COPY l83789;
}
AND pimp poly l89722;
NOT l89722 oxide_thk l35306;
EDGE_BOOLEAN -INSIDE oxide l35306 l36246;
INTE l36246 l36246 -lt 0.12 -output region l30964;

RULE OXIDE.W.2.2.1 {
    CAPTION OXIDE.W.2.2.1: 1.2V P-channel gate width must be >= 0.12 um ;
    COPY l30964;
}
AND l53593 poly l29169;
EDGE_BOOLEAN -INSIDE oxide l29169 l25036;
INTE l25036 l25036 -lt 0.15 -output region l15912;

RULE OXIDE.W.2.2.2 {
    CAPTION OXIDE.W.2.2.2: 2.5V P-channel gate width must be >= 0.15 um ;
    COPY l15912;
}
ANGLE oxide -ltgt 0 90 l88346;
INTE l88346 l88346 -lt 0.13 -output region l33585;

RULE OXIDE.W.3 {
    CAPTION OXIDE.W.3: Oxide (45 degree) width must be >= 0.13 um ;
    COPY l33585;
}
EXTE nactive nactive -lt 0.05 -abut lt 90 -measure all -output region l53924;
EXTE pactive pactive -lt 0.01 -abut lt 90 -measure all -output region l58654;

RULE OXIDE.SP.2 {
    CAPTION OXIDE.SP.2: P+ Oxide to P+ Oxide spacing must be >= 0.15 um ;
    COPY l58654;
}
EDGE_BOOLEAN -INSIDE oxide nimp l74825;
EDGE_BOOLEAN -INSIDE oxide pimp l27783;
EXTE l74825 l27783 -ltgt 0 0.15 -measure all -output region l68103;

RULE OXIDE.SP.3 {
    CAPTION OXIDE.SP.3: P+ Oxide to P+ Oxide spacing must be >= 0.15 um ;
    COPY l68103;
}
EXTE oxide oxide_thk -lt 0.28 -abut lt 90 -output region l26876;

RULE OXIDE.SE.1 {
    CAPTION OXIDE.SE.1: Oxide to Oxide_thk spacing must be >= 0.28 um ;
    COPY l26876;
}
EXTE oxide l88346 -ltgt 0 0.18 -measure all -output region l78709;

RULE OXIDE.SP.4 {
    CAPTION OXIDE.SP.4: Oxide bent 45 degree to Oxide spacing must be >= 0.18 um ;
    COPY l78709;
}
AREA oxide -lt 0.06 l21656;
HOLES oxide l49561;
NOT l49561 oxide l93401;
AREA l93401 -lt 0.1 l55099;

RULE OXIDE.EA.1 {
    CAPTION OXIDE.EA.1: Oxide enclosed area must be >= 0.10 um ;
    COPY l55099;
}

RULE OXIDE.L.1_OXIDE.L.2 {
    CAPTION OXIDE.L.1_OXIDE.L.2: Maximum Oxide length between two contacts (when the Oxide width is <= 0.18um) must be <= 22.0um and Maximum Oxide length between one contact and the end of the Oxide line (when the Oxide width is <= 0.18um) must be <= 11.0um ;
    COPY rule_oxide_l_1_l_2;
}
OR nimp nzvt l98778;
OR l98778 pimp l89277;
OR l89277 siprot l87750;
NOT oxide l87750 l42637;

RULE OXIDE.X.1 {
    CAPTION OXIDE.X.1: Oxide must be covered by Nimp or Pimp or Nzvt ;
    COPY l42637;
}
AND cont oxide_in_res l76932;
EDGE_BOOLEAN -INSIDE siprot oxide_in_res l73555;
EDGE_BOOLEAN -COINCIDENT_ONLY l76932 l76932 T1__1255;
EDGE_EXPAND T1__1255 -inside_by 0.005 l48223;
EDGE_EXPAND l73555 -inside_by 0.005 l82879;
AND l48223 l82879 l32421;

RULE OXIDER.SE.1 {
    CAPTION OXIDER.SE.1: SiProt to Oxide resistor Cont spacing must be >= 0.24 um ;
    COPY l32421;
}
EXTE l76932 l73555 -lt 0.24 -abut lt 90 -measure all -output region l86263;

RULE OXIDER.SE.1__2 {
    CAPTION OXIDER.SE.1: SiProt to Oxide resistor Cont spacing must be >= 0.24 um ;
    COPY l86263;
}
SELECT -CUT nimp oxide_in_res l43770;
SELECT -CUT oxide_in_res nimp l69938;
AND l43770 l69938 l57452;

RULE OXIDER.SE.2 {
    CAPTION OXIDER.SE.2: Oxide resistor to Nimp spacing must be >= 0.3 um ;
    COPY l57452;
}
EXTE nimp oxide_in_res -lt 0.3 -abut lt 90 -measure all -output region l705;

RULE OXIDER.SE.2__2 {
    CAPTION OXIDER.SE.2: Oxide resistor to Nimp spacing must be >= 0.3 um ;
    COPY l705;
}
SELECT -CUT pimp oxide_in_res l78820;
SELECT -CUT oxide_in_res pimp l16980;
AND l16980 l78820 l26963;

RULE OXIDER.SE.2__3 {
    CAPTION OXIDER.SE.2: Oxide resistor to Pimp spacing must be >= 0.3 um ;
    COPY l26963;
}
EXTE pimp oxide_in_res -lt 0.3 -abut lt 90 -measure all -output region l61091;

RULE OXIDER.SE.2__4 {
    CAPTION OXIDER.SE.2: Oxide resistor to Pimp spacing must be >= 0.3 um ;
    COPY l61091;
}
ENC oxide_in_res siprot -lt 0.25 -abut eq 0 -output region l52730;

RULE OXIDER.E.1 {
    CAPTION OXIDER.E.1: SiProt to Oxide resistor enclosure must be >= 0.25 um ;
    COPY l52730;
}
OR nimp pimp l66956;
NOT oxide_in_res l66956 l73937;

RULE OXIDER.X.1 {
    CAPTION OXIDER.X.1: Oxide resistors must have N+ or P+ Implant ;
    COPY l73937;
}
INTE oxide_thk oxide_thk -lt 0.7 -output region l22176;

RULE OXIDETHK.W.1 {
    CAPTION OXIDETHK.W.1: Oxide_thk width must be >= 0.7 um ;
    COPY l22176;
}
EXTE oxide_thk oxide_thk -lt 0.35 -abut lt 90 -measure all -output region l73633;

RULE OXIDETHK.SP.1 {
    CAPTION OXIDETHK.SP.1: Oxide_thk to Oxide_thk spacing must be >= 0.35 um ;
    COPY l73633;
}
ANGLE oxide_thk -ltgt 0 90 l72114;
EXTE oxide_thk l72114 -ltgt 0 0.75 -measure all -output region l30250;

RULE OXIDETHK.SP.2 {
    CAPTION OXIDETHK.SP.2: Oxide_thk (bent 45 degree) to Oxide_thk spacing must be >= 0.75 um ;
    COPY l30250;
}
EXTE l82759 l82759 -lt 0.2 -abut lt 90 -measure all -output region l11843;

RULE OXIDETHK.SE.1 {
    CAPTION OXIDETHK.SE.1: 2.5V N+ Oxide to 2.5V N+ Oxide spacing must be >= 0.20 um ;
    COPY l11843;
}
EXTE l56394 l56394 -lt 0.2 -abut lt 90 -measure all -output region l61527;

RULE OXIDETHK.SE.2 {
    CAPTION OXIDETHK.SE.2: 2.5V P+ Oxide to 2.5V P+ Oxide spacing must be >= 0.20 um ;
    COPY l61527;
}
EDGE_BOOLEAN -INSIDE oxide l76283 l81683;
EDGE_BOOLEAN -INSIDE oxide l53593 l43152;
EXTE l81683 l43152 -ltgt 0 0.25 -measure all -output region l76702;

RULE OXIDETHK.SE.3 {
    CAPTION OXIDETHK.SE.3: 2.5V N+ Oxide to 2.5V P+ Oxide spacing must be >= 0.25 um ;
    COPY l76702;
}
ENC oxide oxide_thk -lt 0.3 -abut eq 0 -output region l97011;

RULE OXIDETHK.E.1 {
    CAPTION OXIDETHK.E.1: Oxide_thk to Oxide enclosure must be >= 0.30 um ;
    COPY l97011;
}
EDGE_BOOLEAN -INSIDE oxide_thk oxide l32532;
EDGE_BOOLEAN -INSIDE poly oxide l50103;
EDGE_EXPAND l32532 -inside_by 0.005 l10115;
EDGE_EXPAND l50103 -inside_by 0.005 l93599;
AND l10115 l93599 l849;

RULE OXIDETHK.SE.5 {
    CAPTION OXIDETHK.SE.5: Oxide_thk to Poly gate spacing must be >= 0.34 um ;
    COPY l849;
}
EXTE l32532 l50103 -lt 0.34 -abut lt 90 -measure all -output region l22883;

RULE OXIDETHK.SE.5__2 {
    CAPTION OXIDETHK.SE.5: Oxide_thk to Poly gate spacing must be >= 0.34 um ;
    COPY l22883;
}
ENC l50103 l32532 -lt 0.36 -abut eq 0 -output region l86249;

RULE OXIDETHK.E.2 {
    CAPTION OXIDETHK.E.2: Oxide_thk to Poly gate enclosure must be >= 0.36 um ;
    COPY l86249;
}

RULE NHVT.X.1 {
    CAPTION NHVT.X.1: Nhvt to Oxide enclosure must be == 0.0 on all sides ;
    COPY rule_nhvt_x_1;
}
AND nhvt nwell l99256;

RULE NHVT.X.2 {
    CAPTION NHVT.X.2: Nhvt is NOT allowed on Nwell ;
    COPY l99256;
}
AND nhvt pactive l76722;

RULE NHVT.X.3 {
    CAPTION NHVT.X.3: Nhvt is NOT allowed on P+ Oxide ;
    COPY l76722;
}
AND nhvt nzvt l46876;

RULE NHVT.X.4 {
    CAPTION NHVT.X.4: Nhvt is NOT allowed on Nzvt ;
    COPY l46876;
}

RULE PHVT.X.1 {
    CAPTION PHVT.X.1: Phvt to Oxide enclosure must be == 0.0 on all sides ;
    COPY rule_phvt_x_1;
}
NOT phvt nwell l47321;

RULE PHVT.X.2 {
    CAPTION PHVT.X.2: Phvt is NOT allowed outside Nwell ;
    COPY l47321;
}
AND phvt nactive l63890;

RULE PHVT.X.3 {
    CAPTION PHVT.X.3: Phvt is NOT allowed on N+ Oxide ;
    COPY l63890;
}
AND nzvt phvt l21962;

RULE PHVT.X.4 {
    CAPTION PHVT.X.4: Phvt is NOT allowed on Nzvt ;
    COPY l21962;
}
INTE nzvt nzvt -lt 0.7 -output region l97143;

RULE NZVT.W.1 {
    CAPTION NZVT.W.1: Nzvt width must be >= 0.7 um ;
    COPY l97143;
}
EXTE nzvt nzvt -lt 0.6 -abut lt 90 -measure all -output region l47280;

RULE NZVT.SP.1 {
    CAPTION NZVT.SP.1: Nzvt to Nzvt spacing must be >= 0.6 um ;
    COPY l47280;
}

RULE NZVT.O.1 {
    CAPTION NZVT.O.1: Nzvt to Oxide enclosure must be == 0.3 ;
    COPY rule_nzvt_o_1;
}
SELECT -CUT nzvt oxide l63749;
SELECT -CUT oxide nzvt l67229;
AND l63749 l67229 l14461;

RULE NZVT.SE.1 {
    CAPTION NZVT.SE.1: Nzvt to Oxide spacing must be >= 0.28 um ;
    COPY l14461;
}
EXTE nzvt oxide -lt 0.28 -abut lt 90 -measure all -output region l64133;

RULE NZVT.SE.1__2 {
    CAPTION NZVT.SE.1: Nzvt to Oxide spacing must be >= 0.28 um ;
    COPY l64133;
}
AND nwell nzvt l39950;

RULE NZVT.SE.2 {
    CAPTION NZVT.SE.2: Nzvt to Nwell spacing must be >= 1.2 um ;
    COPY l39950;
}
EXTE nwell nzvt -lt 1.2 -abut lt 90 -measure all -output region l66863;

RULE NZVT.SE.2__2 {
    CAPTION NZVT.SE.2: Nzvt to Nwell spacing must be >= 1.2 um ;
    COPY l66863;
}
AND nzvt oxide l11119;
ENC l11119 poly -lt 0.2 -abut eq 0 -output region l77737;

RULE NZVT.E.1 {
    CAPTION NZVT.E.1: Poly to Oxide enclosure must be >= 0.2 um ;
    COPY l77737;
}
EDGE_BOOLEAN -INSIDE poly l11119 l18021;
INTE l18021 l18021 -lt 0.9 -output region l82379;

RULE NZVT.L.1 {
    CAPTION NZVT.L.1: Native Device Poly gate length must be >= 0.9 um ;
    COPY l82379;
}
AND nzvt poly l21044;
EDGE_BOOLEAN -INSIDE oxide l21044 l45072;
INTE l45072 l45072 -lt 0.65 -output region l49657;

RULE NZVT.W.2 {
    CAPTION NZVT.W.2: Native Device Poly gate width must be >= 0.65 um ;
    COPY l49657;
}
AND nzvt pimp l42980;
AND l42980 oxide l48980;

RULE NZVT.X.3 {
    CAPTION NZVT.X.3: P+ Oxide is NOT allowed in Nzvt ;
    COPY l48980;
}

RULE NZVT.X.4 {
    CAPTION NZVT.X.4: Only one Oxide region may be in an Nzvt region ;
    COPY rule_nzvt_x_4;
}
EDGE_BOOLEAN -INSIDE poly nactive l46922;
INTE l46922 l46922 -lt 0.1 -output region l99090;

RULE POLY.W.1 {
    CAPTION POLY.W.1: 1.2V N+ Poly gate length must be >= 0.1 um ;
    COPY l99090;
}
EDGE_BOOLEAN -INSIDE poly pactive l73748;
INTE l73748 l73748 -lt 0.1 -output region l82202;

RULE POLY.W.2 {
    CAPTION POLY.W.2: 1.2V P+ Poly gate length must be >= 0.1 um ;
    COPY l82202;
}
AND oxide_thk nactive l9079;
EDGE_BOOLEAN -INSIDE poly l9079 l62075;
INTE l62075 l62075 -lt 0.28 -output region l59496;

RULE POLY.W.3 {
    CAPTION POLY.W.3: 2.5V N+ Poly gate length must be >= 0.28 um ;
    COPY l59496;
}
AND oxide oxide_thk l20548;
AND l20548 pimp l54089;
EDGE_BOOLEAN -INSIDE poly l54089 l53918;
INTE l53918 l53918 -lt 0.28 -output region l44552;

RULE POLY.W.4 {
    CAPTION POLY.W.4: 2.5V P+ Poly gate length must be >= 0.28 um ;
    COPY l44552;
}
EDGE_BOOLEAN -OUTSIDE poly oxide l62554;
INTE l62554 l62554 -lt 0.01 -output region l50829;

RULE POLY.W.5 {
    CAPTION POLY.W.5: Poly interconnect width must be >= 0.1 um ;
    COPY l50829;
}
EDGE_BOOLEAN -INSIDE poly resdum l91308;
EXTE l91308 l91308 -lt 0.6 -abut lt 90 -measure all -output region l7805;

RULE POLY.SP.1 {
    CAPTION POLY.SP.1: Poly resistor to Poly resistor spacing must be >= 0.6 um ;
    COPY l7805;
}
EXTE l50103 l50103 -lt 0.12 -abut lt 90 -measure all -output region l50760;

RULE POLY.SP.2 {
    CAPTION POLY.SP.2: Poly gate to Poly gate spacing must be >= 0.12 um ;
    COPY l50760;
}
EXTE l62554 l62554 -lt 0.01 -abut lt 90 -measure all -output region l7689;
ENC nactive poly -lt 0.01 -abut eq 0 -output region l54859;

RULE POLY.E.1 {
    ENC nactive poly -lt 0.08 -abut eq 0 -output region l54859;
    CAPTION POLY.E.1: Poly to N+ Oxide enclosure must be >= 0.08 um ;
    COPY l54859;
}
ENC pactive poly -lt 0.08 -abut eq 0 -output region l64535;

RULE POLY.E.2 {
    CAPTION POLY.E.2: Poly to P+ Oxide enclosure must be >= 0.08 um ;
    COPY l64535;
}
EXTE oxide poly -lt 0.01 -abut lt 90 -measure all -output region l4182;

RULE POLY.SE.1_POLY.SE.2 {
    CAPTION POLY.SE.1_POLY.SE.2: Poly to Oxide spacing must be >= 0.1 um ;
    COPY l4182;
}
ENC poly oxide -lt 0.2 -abut eq 0 -output region l77903;

RULE POLY.E.3 {
    CAPTION POLY.E.3: Oxide to Poly enclosure must be >= 0.2 um ;
    COPY l77903;
}
ANGLE poly -ltgt 0 90 l6625;
INTE l6625 l6625 -lt 0.18 -output region l43190;

RULE POLY.W.6 {
    CAPTION POLY.W.6: Bent Poly width must be >= 0.18 um ;
    COPY l43190;
}
EXTE l6625 l6625 -lt 0.22 -abut lt 90 -measure all -output region l16109;

RULE POLY.SP.4 {
    CAPTION POLY.SP.4: Bent Poly to bent Poly spacing must be >= 0.22 um ;
    COPY l16109;
}

RULE POLY.SE.3 {
    CAPTION POLY.SE.3: Poly width, between two contacts spaced > 25.0um, must be >= 0.14um ;
    COPY rule_poly_se_3;
}
AREA poly -lt 0.1 l19076;

RULE POLY.A.1 {
    CAPTION POLY.A.1: Poly area must be >= 0.1 um ;
    COPY l19076;
}
AND cont poly_in_res l7663;
EDGE_BOOLEAN -INSIDE siprot poly_in_res l50658;
EDGE_BOOLEAN -COINCIDENT_ONLY l7663 l7663 T1__1395;
EDGE_EXPAND T1__1395 -inside_by 0.005 l24602;
EDGE_EXPAND l50658 -inside_by 0.005 l8454;
AND l24602 l8454 l57419;

RULE POLYR.SE.1 {
    CAPTION POLYR.SE.1: SiProt to Poly resistor Cont spacing must be >= 0.24 um ;
    COPY l57419;
}
EXTE l7663 l50658 -lt 0.24 -abut lt 90 -measure all -output region l17209;

RULE POLYR.SE.1__2 {
    CAPTION POLYR.SE.1: SiProt to Poly resistor Cont spacing must be >= 0.24 um ;
    COPY l17209;
}
ENC poly_in_res siprot -lt 0.28 -abut eq 0 -output region l14988;

RULE POLYR.E.1 {
    CAPTION POLYR.E.1: SiProt to Poly resistor enclosure must be >= 0.28 um ;
    COPY l14988;
}
SELECT -CUT poly_in_res nimp l41665;
NOT l41665 nimp l25127;

RULE POLYR.E.2 {
    CAPTION POLYR.E.2: Nimp to Poly used in resistor enclosure must be >= 0.15 um ;
    COPY l25127;
}
ENC poly_in_res nimp -lt 0.15 -abut eq 0 -output region l61199;

RULE POLYR.E.2__2 {
    CAPTION POLYR.E.2: Nimp to Poly used in resistor enclosure must be >= 0.15 um ;
    COPY l61199;
}
SELECT -CUT poly_in_res pimp l88707;
NOT l88707 pimp l67729;

RULE POLYR.E.3 {
    CAPTION POLYR.E.3: Pimp to Poly used in resistor enclosure must be >= 0.15 um ;
    COPY l67729;
}
ENC poly_in_res pimp -lt 0.15 -abut eq 0 -output region l813;

RULE POLYR.E.3__2 {
    CAPTION POLYR.E.3: Pimp to Poly used in resistor enclosure must be >= 0.15 um ;
    COPY l813;
}
SELECT -CUT nimp poly_in_res l99663;
AND l41665 l99663 l47333;

RULE POLYR.SE.2 {
    CAPTION POLYR.SE.2: Poly resistor to Nimp spacing must be >= 0.3 um ;
    COPY l47333;
}
EXTE nimp poly_in_res -lt 0.3 -abut lt 90 -measure all -output region l95992;

RULE POLYR.SE.2__2 {
    CAPTION POLYR.SE.2: Poly resistor to Nimp spacing must be >= 0.3 um ;
    COPY l95992;
}
AND nzvt poly_in_res l98951;

RULE POLYR.SE.2__3 {
    CAPTION POLYR.SE.2: Poly resistor to Nzvt spacing must be >= 0.3 um ;
    COPY l98951;
}
EXTE nzvt poly_in_res -lt 0.3 -abut lt 90 -measure all -output region l44380;

RULE POLYR.SE.2__4 {
    CAPTION POLYR.SE.2: Poly resistor to Nzvt spacing must be >= 0.3 um ;
    COPY l44380;
}
SELECT -CUT pimp poly_in_res l48239;
AND l48239 l88707 l68724;

RULE POLYR.SE.2__5 {
    CAPTION POLYR.SE.2: Poly resistor to Pimp spacing must be >= 0.3 um ;
    COPY l68724;
}
EXTE pimp poly_in_res -lt 0.3 -abut lt 90 -measure all -output region l47382;

RULE POLYR.SE.2__6 {
    CAPTION POLYR.SE.2: Poly resistor to Pimp spacing must be >= 0.3 um ;
    COPY l47382;
}
NOT poly_in_res l66956 l37892;

RULE POLYR.X.1 {
    CAPTION POLYR.X.1: Poly resistors must have N+ or P+ Implant ;
    COPY l37892;
}
INTE nimp nimp -lt 0.24 -output region l79524;

RULE NIMP.W.1 {
    CAPTION NIMP.W.1: Nimp width must be >= 0.24 um ;
    COPY l79524;
}
EXTE nimp nimp -lt 0.24 -abut lt 90 -measure all -output region l490;

RULE NIMP.SP.1 {
    CAPTION NIMP.SP.1: Nimp to Nimp spacing must be >= 0.24 um ;
    COPY l490;
}
NOT oxide nwell l31844;
ENC l31844 nimp -lt 0.01 -abut eq 0 -output region l86045;

RULE NIMP.E.1 {
    CAPTION NIMP.E.1: Nimp to Oxide enclosure must be >= 0.14 um ;
    COPY l86045;
}
INTE nimp oxide -lt 0.16 -output region l23613;

RULE NIMP.O.1 {
    CAPTION NIMP.O.1: Nimp to Oxide overlap must be >= 0.16 um ;
    COPY l23613;
}
EDGE_BOOLEAN -OUTSIDE nimp oxide l69292;
AND nwell pimp l71772;
EDGE_BOOLEAN -INSIDE oxide l71772 l12041;
EDGE_EXPAND l69292 -inside_by 0.005 l2832;
EDGE_EXPAND l12041 -inside_by 0.005 l33748;
AND l2832 l33748 l98338;

RULE NIMP.SE.1 {
    CAPTION NIMP.SE.1: Nimp to P+ Oxide spacing must be >= 0.16 um ;
    COPY l98338;
}
EXTE l69292 l12041 -lt 0.16 -abut lt 90 -measure all -output region l18233;

RULE NIMP.SE.1__2 {
    CAPTION NIMP.SE.1: Nimp to P+ Oxide spacing must be >= 0.16 um ;
    COPY l18233;
}
AND nwell oxide l20455;
ENC l20455 nimp -lt 0.01 -abut eq 0 -output region l30432;

RULE NIMP.E.2 {
    CAPTION NIMP.E.2: Nimp to Oxide (Nwell tie) enclosure must be >= 0.02 um ;
    COPY l30432;
}
EDGE_BOOLEAN -INSIDE nimp oxide l72443;
ENC l50103 l72443 -lt 0.18 -abut eq 0 -output region l68624;

RULE NIMP.E.3 {
    CAPTION NIMP.E.3: Nimp to Poly gate enclosure must be >= 0.18 um ;
    COPY l68624;
}
EDGE_BOOLEAN -INSIDE oxide poly l49719;
EDGE_EXPAND l49719 -inside_by 0.005 l94658;
EDGE_BOOLEAN -COINCIDENT_ONLY nimp nimp T1__1455;
EDGE_EXPAND T1__1455 -outside_by 0.001 l80691;
AND l80691 l94658 l50450;
ENC l49719 nimp -lt 0.001 -abut eq 0 -output region l3169;

RULE NIMP.E.4__2 {
    CAPTION NIMP.E.4: Nimp to gate end enclosure must be >= 0.18 um ;
    COPY l3169;
}
OR nwell oxide l47061;
EDGE_BOOLEAN -OUTSIDE nimp l47061 l23169;
NOT pimp nwell l46591;
EDGE_BOOLEAN -INSIDE oxide l46591 l15498;
EDGE_EXPAND l23169 -inside_by 0.005 l56549;
EDGE_EXPAND l15498 -inside_by 0.005 l54633;
AND l54633 l56549 l28564;

RULE NIMP.SE.2 {
    CAPTION NIMP.SE.2: Nimp to P+ Oxide spacing must be >= 0.02 um ;
    COPY l28564;
}
EXTE l23169 l15498 -lt 0.02 -abut lt 90 -measure all -output region l38260;

RULE NIMP.SE.2__2 {
    CAPTION NIMP.SE.2: Nimp to P+ Oxide spacing must be >= 0.02 um ;
    COPY l38260;
}
AREA nimp -lt 0.15 l9465;

RULE NIMP.A.1 {
    CAPTION NIMP.A.1: Nimp area must be >= 0.15 um ;
    COPY l9465;
}
HOLES nimp l53850;
NOT l53850 nimp l10980;
AREA l10980 -lt 0.16 l59330;

RULE NIMP.EA.1 {
    CAPTION NIMP.EA.1: Area in Nimp ring must be >= 0.16 um ;
    COPY l59330;
}
EDGE_EXPAND l72443 -inside_by 0.005 l77635;
EDGE_EXPAND l73748 -inside_by 0.005 l8473;
AND l77635 l8473 l53740;

RULE NIMP.SE.3 {
    CAPTION NIMP.SE.3: Nimp to P+ gate spacing must be >= 0.18 um ;
    COPY l53740;
}
EXTE l72443 l73748 -lt 0.18 -abut lt 90 -measure all -output region l50426;

RULE NIMP.SE.3__2 {
    CAPTION NIMP.SE.3: Nimp to P+ gate spacing must be >= 0.18 um ;
    COPY l50426;
}
AND nimp pimp l40776;

RULE NIMP.X.1 {
    CAPTION NIMP.X.1: Nimp is NOT allowed over Pimp ;
    COPY l40776;
}
INTE pimp pimp -lt 0.24 -output region l88830;

RULE PIMP.W.1 {
    CAPTION PIMP.W.1: Pimp width must be >= 0.24 um ;
    COPY l88830;
}
EXTE pimp pimp -lt 0.24 -abut lt 90 -measure all -output region l44232;

RULE PIMP.SP.1 {
    CAPTION PIMP.SP.1: Pimp to Pimp spacing must be >= 0.24 um ;
    COPY l44232;
}
ENC l20455 pimp -lt 0.06 -abut eq 0 -output region l33281;

RULE PIMP.E.1 {
    CAPTION PIMP.E.1: Pimp to Oxide enclosure must be >= 0.06 um ;
    COPY l33281;
}
INTE oxide pimp -lt 0.16 -output region l96103;

RULE PIMP.O.1 {
    CAPTION PIMP.O.1: Pimp to Oxide overlap must be >= 0.16 um ;
    COPY l96103;
}
NOT nimp nwell l11169;
EDGE_BOOLEAN -INSIDE oxide l11169 l42355;
EDGE_BOOLEAN -OUTSIDE pimp oxide l13034;
EDGE_EXPAND l42355 -inside_by 0.005 l14307;
EDGE_EXPAND l13034 -inside_by 0.005 l83703;
AND l14307 l83703 l89774;

RULE PIMP.SE.1 {
    CAPTION PIMP.SE.1: Pimp to N+ Oxide spacing must be >= 0.16 um ;
    COPY l89774;
}
EXTE l42355 l13034 -lt 0.06 -abut lt 90 -measure all -output region l92495;

RULE PIMP.SE.1__2 {
    CAPTION PIMP.SE.1: Pimp to N+ Oxide spacing must be >= 0.06 um ;
    COPY l92495;
}
ENC l31844 pimp -lt 0 -abut eq 0 -output region l85242;

RULE PIMP.E.2 {
    CAPTION PIMP.E.2: Pimp to Oxide (substrate tie) enclosure must be >= 0.02 um ;
    COPY l85242;
}
EDGE_BOOLEAN -INSIDE pimp oxide l72263;
ENC l50103 l72263 -lt 0.18 -abut eq 0 -output region l73332;

RULE PIMP.E.3 {
    CAPTION PIMP.E.3: Pimp to Poly gate enclosure must be >= 0.18 um ;
    COPY l73332;
}
EDGE_BOOLEAN -COINCIDENT_ONLY pimp pimp T1__1506;
EDGE_EXPAND T1__1506 -outside_by 0.005 l32789;
AND l32789 l94658 l25649;

RULE PIMP.E.4 {
    CAPTION PIMP.E.4: Pimp to gate end enclosure must be >= 0.18 um ;
    COPY l25649;
}
ENC l49719 pimp -lt 0.06 -abut eq 0 -output region l98657;

RULE PIMP.E.4__2 {
    CAPTION PIMP.E.4: Pimp to gate end enclosure must be >= 0.18 um ;
    COPY l98657;
}
AND nimp nwell l98526;
EDGE_BOOLEAN -INSIDE oxide l98526 l70727;
NOT nwell oxide l8612;
EDGE_BOOLEAN -INSIDE pimp l8612 l34993;
EDGE_EXPAND l70727 -inside_by 0.005 l25131;
EDGE_EXPAND l34993 -inside_by 0.005 l30715;
AND l25131 l30715 l26012;

RULE PIMP.SE.2 {
    CAPTION PIMP.SE.2: Pimp to N+ Oxide spacing must be >= 0.02 um ;
    COPY l26012;
}
EXTE l70727 l34993 -lt 0.02 -abut lt 90 -measure all -output region l27623;

RULE PIMP.SE.2__2 {
    CAPTION PIMP.SE.2: Pimp to N+ Oxide spacing must be >= 0.02 um ;
    COPY l27623;
}
AREA pimp -lt 0.15 l73143;

RULE PIMP.A.1 {
    CAPTION PIMP.A.1: Pimp area must be >= 0.15 um ;
    COPY l73143;
}
HOLES pimp l892;
NOT l892 pimp l87842;
AREA l87842 -lt 0.16 l34407;

RULE PIMP.EA.1 {
    CAPTION PIMP.EA.1: Area in Pimp ring must be >= 0.16 um ;
    COPY l34407;
}
EDGE_EXPAND l72263 -inside_by 0.005 l57180;
EDGE_EXPAND l46922 -inside_by 0.005 l1567;
AND l1567 l57180 l95278;

RULE PIMP.SE.3 {
    CAPTION PIMP.SE.3: Pimp to N+ gate spacing must be >= 0.18 um ;
    COPY l95278;
}
EXTE l72263 l46922 -lt 0.18 -abut lt 90 -measure all -output region l93238;

RULE PIMP.SE.3__2 {
    CAPTION PIMP.SE.3: Pimp to N+ gate spacing must be >= 0.18 um ;
    COPY l93238;
}

RULE METAL1.SP.1.1 {
    EXTE metal1 metal1 -lt 0.1 -abut lt 90 -measure all -output region l1835;
    CAPTION METAL1.SP.1.1: Metal1 to Metal1 spacing must be >= 0.12 um ;
    COPY l1835;
}
EXTE cont cont -lt 0.14 -abut lt 90 -measure all -output region l39295;

RULE CONT.SP.1 {
    CAPTION CONT.SP.1: Cont to Cont spacing must be >= 0.14 um ;
    COPY l39295;
}
AND cont l61820 l39353;
EXTE l39353 l39353 -lt 0.16 -notch not -abut lt 90 -measure all -output region l79226;

RULE CONT.SP.2 {
    CAPTION CONT.SP.2: Cont to Cont (in array) spacing must be >= 0.16 um ;
    COPY l79226;
}
AND cont oxide l99721;
EDGE_BOOLEAN -COINCIDENT_ONLY l99721 l99721 T1__1541;
EDGE_EXPAND T1__1541 -inside_by 0.005 l11458;
AND l11458 l93599 l13970;

RULE CONT.SE.1 {
    CAPTION CONT.SE.1: Cont to gate spacing must be >= 0.10 um ;
    COPY l13970;
}
EXTE l99721 l50103 -lt 0.1 -abut lt 90 -measure all -output region l91390;

RULE CONT.SE.1__2 {
    CAPTION CONT.SE.1: Cont to gate spacing must be >= 0.10 um ;
    COPY l91390;
}
AND cont l20548 l12025;
EDGE_BOOLEAN -INSIDE poly l20548 l90375;
EDGE_BOOLEAN -COINCIDENT_ONLY l12025 l12025 T1__1548;
EDGE_EXPAND T1__1548 -inside_by 0.005 l25254;
EDGE_EXPAND l90375 -inside_by 0.005 l69986;
AND l25254 l69986 l67696;

RULE CONT.SE.2 {
    CAPTION CONT.SE.2: Cont to 2.5V gate spacing must be >= 0.12 um ;
    COPY l67696;
}
EXTE l12025 l90375 -lt 0.12 -abut lt 90 -measure all -output region l73889;

RULE CONT.SE.2__2 {
    CAPTION CONT.SE.2: Cont to 2.5V gate spacing must be >= 0.12 um ;
    COPY l73889;
}
EDGE_BOOLEAN -COINCIDENT_ONLY cont_poly cont_poly T1__1554;
EDGE_EXPAND T1__1554 -inside_by 0.005 l11991;
AND l11991 l94658 l66537;

RULE CONT.SE.3 {
    CAPTION CONT.SE.3: Poly Cont to Oxide spacing must be >= 0.12 um ;
    COPY l66537;
}
EXTE cont_poly l49719 -lt 0.12 -abut lt 90 -measure all -output region l37236;

RULE CONT.SE.3__2 {
    CAPTION CONT.SE.3: Poly Cont to Oxide spacing must be >= 0.12 um ;
    COPY l37236;
}
AND oxide_thk poly l31657;
EDGE_BOOLEAN -INSIDE oxide l31657 l36121;
EDGE_EXPAND l36121 -inside_by 0.005 l21355;
AND l11991 l21355 l97549;

RULE CONT.SE.4 {
    CAPTION CONT.SE.4: Poly Cont to Oxide spacing must be >= 0.14 um ;
    COPY l97549;
}
EXTE cont_poly l36121 -lt 0.14 -abut lt 90 -measure all -output region l3813;

RULE CONT.SE.4__2 {
    CAPTION CONT.SE.4: Poly Cont to Oxide spacing must be >= 0.14 um ;
    COPY l3813;
}
SELECT -CUT cont oxide l47091;

RULE CONT.E.1 {
    CAPTION CONT.E.1: Oxide to Cont enclosure must be >= 0.00 um ;
    COPY l47091;
}
AND cont oxide l99745;
RECT_ENC l99745 oxide -abut lt 90 -singular -good 0 0.005 opposite 0 0.005 opposite l93977;

RULE CONT.E.1__2 {
    CAPTION CONT.E.1: Oxide to Cont enclosure must be >= 0.005 um ;
    COPY l93977;
}
SELECT -CUT cont poly l48850;
NOT l48850 poly l47376;

RULE CONT.E.2 {
    CAPTION CONT.E.2: Poly to Cont enclosure must be >= 0.04 um ;
    COPY l47376;
}
ENC cont poly -lt 0.04 -abut eq 0 -output region l15704;

RULE CONT.E.2__2 {
    CAPTION CONT.E.2: Poly to Cont enclosure must be >= 0.04 um ;
    COPY l15704;
}
RECT_ENC cont_poly poly -abut lt 90 -singular -good 0 0.06 opposite 0 0.06 opposite l94328;

RULE CONT.E.3 {
    CAPTION CONT.E.3: Poly to Cont enclosure on at least two opposite sides must be >= 0.06 um ;
    COPY l94328;
}
SELECT -CUT l99721 nimp l10168;
NOT l10168 nimp l6883;

RULE CONT.E.4 {
    CAPTION CONT.E.4: Nimp to Cont enclosure must be >= 0.06 um ;
    COPY l6883;
}
ENC l99721 nimp -lt 0.06 -abut eq 0 -output region l11964;

RULE CONT.E.4__2 {
    CAPTION CONT.E.4: Nimp to Cont enclosure must be >= 0.06 um ;
    COPY l11964;
}
SELECT -CUT l99721 pimp l57210;
NOT l57210 pimp l22144;

RULE CONT.E.4__3 {
    CAPTION CONT.E.4: Pimp to Cont enclosure must be >= 0.06 um ;
    COPY l22144;
}
ENC l99721 pimp -lt 0.06 -abut eq 0 -output region l13790;

RULE CONT.E.4__4 {
    CAPTION CONT.E.4: Pimp to Cont enclosure must be >= 0.06 um ;
    COPY l13790;
}
AND oxide poly l37551;
AND cont l37551 l6567;

RULE CONT.X.1 {
    CAPTION CONT.X.1: Cont on gate is NOT allowed ;
    COPY l6567;
}
EDGE_BOOLEAN -INSIDE nimp l99721 l76076;
EDGE_LENGTH l76076 -ge 0.005 l41622;

RULE CONT.X.2 {
    CAPTION CONT.X.2: Nimp edge is NOT allowed on Oxide Cont ;
    COPY l41622;
}
EDGE_BOOLEAN -INSIDE pimp l99721 l67666;
EDGE_LENGTH l67666 -ge 0.005 l50853;

RULE CONT.X.2__2 {
    CAPTION CONT.X.2: Pimp edge is NOT allowed on Oxide Cont ;
    COPY l50853;
}
NOT cont l32232 l9541;

RULE CONT.X.3 {
    CAPTION CONT.X.3: Cont must be covered by Oxide or Poly ;
    COPY l9541;
}
INTE siprot siprot -lt 0.44 -output region l23206;

RULE SIPROT.W.1 {
    CAPTION SIPROT.W.1: SiProt width must be >= 0.44 um ;
    COPY l23206;
}
EXTE siprot siprot -lt 0.44 -abut lt 90 -measure all -output region l79129;

RULE SIPROT.SP.1 {
    CAPTION SIPROT.SP.1: SiProt to SiProt spacing must be >= 0.44 um ;
    COPY l79129;
}
SELECT -CUT cont siprot l96543;
SELECT -CUT siprot cont l69271;
AND l69271 l96543 l85976;

RULE SIPROT.SE.1 {
    CAPTION SIPROT.SE.1: SiProt to Cont spacing must be >= 0.24 um ;
    COPY l85976;
}
EXTE cont siprot -lt 0.24 -abut lt 90 -measure all -output region l15811;

RULE SIPROT.SE.1__2 {
    CAPTION SIPROT.SE.1: SiProt to Cont spacing must be >= 0.24 um ;
    COPY l15811;
}
EXTE oxide siprot -lt 0.24 -abut lt 90 -measure all -output region l35866;

RULE SIPROT.SE.2 {
    CAPTION SIPROT.SE.2: SiProt to Oxide spacing must be >= 0.24 um ;
    COPY l35866;
}
EDGE_BOOLEAN -INSIDE siprot oxide l16710;
EDGE_EXPAND l16710 -inside_by 0.005 l71655;
AND l71655 l93599 l56599;

RULE SIPROT.SE.3 {
    CAPTION SIPROT.SE.3: SiProt to Poly gate spacing must be >= 0.44 um ;
    COPY l56599;
}
EXTE l50103 l16710 -lt 0.44 -abut lt 90 -measure all -output region l98194;

RULE SIPROT.SE.3__2 {
    CAPTION SIPROT.SE.3: SiProt to Poly gate spacing must be >= 0.44 um ;
    COPY l98194;
}
ENC siprot oxide -lt 0.24 -abut eq 0 -output region l72438;

RULE SIPROT.E.2 {
    CAPTION SIPROT.E.2: Oxide to SiProt enclosure must be >= 0.24 um ;
    COPY l72438;
}
EDGE_BOOLEAN -OUTSIDE oxide resdum l65278;
ENC l65278 siprot -lt 0.25 -abut eq 0 -output region l20844;

RULE SIPROT.E.1 {
    CAPTION SIPROT.E.1: SiProt to Oxide enclosure must be >= 0.25 um ;
    COPY l20844;
}
ENC l62554 siprot -lt 0.28 -abut eq 0 -output region l40063;

RULE SIPROT.E.3 {
    CAPTION SIPROT.E.3: SiProt to Poly enclosure must be >= 0.28 um ;
    COPY l40063;
}
AREA siprot -lt 1.2 l17485;

RULE SIPROT.A.1 {
    CAPTION SIPROT.A.1: SiProt area must be >= 1.2 um ;
    COPY l17485;
}
EXTE l62554 siprot -lt 0.35 -abut lt 90 -measure all -output region l54793;

RULE SIPROT.SE.4 {
    CAPTION SIPROT.SE.4: SiProt to Poly (on field) spacing must be >= 0.35 um ;
    COPY l54793;
}
HOLES siprot l54565;
NOT l54565 siprot l77573;
AREA l77573 -lt 1.2 l90309;

RULE SIPROT.EA.1 {
    CAPTION SIPROT.EA.1: Area in SiProt ring must be >= 1.2 um ;
    COPY l90309;
}
NOT via1 metal2_conn l12682;

RULE METAL2.E.1 {
    CAPTION METAL2.E.1: Metal2 to Via1 enclosure must be >= 0.005 um ;
    COPY l12682;
}
ENC via1 metal2_conn -lt 0.005 -abut eq 0 -output region l66270;

RULE METAL2.E.1__2 {
    CAPTION METAL2.E.1: Metal2 to Via1 enclosure must be >= 0.005 um ;
    COPY l66270;
}
AND via1 metal2_conn l64313;
RECT_ENC l64313 metal2_conn -abut lt 90 -singular -good 0 0.06 opposite 0 0.06 opposite l41986;

RULE METAL2.E.2 {
    CAPTION METAL2.E.2: Metal2 to Via1 enclosure on opposite sides must be >= 0.06 um ;
    COPY l41986;
}
NOT via2 metal3_conn l67626;

RULE METAL3.E.1 {
    CAPTION METAL3.E.1: Metal3 to Via2 enclosure must be >= 0.005 um ;
    COPY l67626;
}
ENC via2 metal3_conn -lt 0.005 -abut eq 0 -output region l7300;

RULE METAL3.E.1__2 {
    CAPTION METAL3.E.1: Metal3 to Via2 enclosure must be >= 0.005 um ;
    COPY l7300;
}
AND via2 metal3_conn l9369;
RECT_ENC l9369 metal3_conn -abut lt 90 -singular -good 0 0.06 opposite 0 0.06 opposite l49813;

RULE METAL3.E.2 {
    CAPTION METAL3.E.2: Metal3 to Via2 enclosure on opposite sides must be >= 0.06 um ;
    COPY l49813;
}
NOT via3 metal4_conn l22570;

RULE METAL4.E.1 {
    CAPTION METAL4.E.1: Metal4 to Via3 enclosure must be >= 0.005 um ;
    COPY l22570;
}
ENC via3 metal4_conn -lt 0.005 -abut eq 0 -output region l86426;

RULE METAL4.E.1__2 {
    CAPTION METAL4.E.1: Metal4 to Via3 enclosure must be >= 0.005 um ;
    COPY l86426;
}
AND via3 metal4_conn l54425;
RECT_ENC l54425 metal4_conn -abut lt 90 -singular -good 0 0.06 opposite 0 0.06 opposite l64223;

RULE METAL4.E.2 {
    CAPTION METAL4.E.2: Metal4 to Via3 enclosure on opposite sides must be >= 0.06 um ;
    COPY l64223;
}
NOT via4 metal5_conn l77514;

RULE METAL5.E.1 {
    CAPTION METAL5.E.1: Metal5 to Via4 enclosure must be >= 0.005 um ;
    COPY l77514;
}
ENC via4 metal5_conn -lt 0.005 -abut eq 0 -output region l87144;

RULE METAL5.E.1__2 {
    CAPTION METAL5.E.1: Metal5 to Via4 enclosure must be >= 0.005 um ;
    COPY l87144;
}
AND via4 metal5_conn l67815;
RECT_ENC l67815 metal5_conn -abut lt 90 -singular -good 0 0.06 opposite 0 0.06 opposite l60539;

RULE METAL5.E.2 {
    CAPTION METAL5.E.2: Metal5 to Via4 enclosure on opposite sides must be >= 0.06 um ;
    COPY l60539;
}
NOT via5 metal6_conn l32458;

RULE METAL6.E.1 {
    CAPTION METAL6.E.1: Metal6 to Via5 enclosure must be >= 0.005 um ;
    COPY l32458;
}
ENC via5 metal6_conn -lt 0.005 -abut eq 0 -output region l6582;

RULE METAL6.E.1__2 {
    CAPTION METAL6.E.1: Metal6 to Via5 enclosure must be >= 0.005 um ;
    COPY l6582;
}
AND via5 metal6_conn l22759;
RECT_ENC l22759 metal6_conn -abut lt 90 -singular -good 0 0.06 opposite 0 0.06 opposite l60090;

RULE METAL6.E.2 {
    CAPTION METAL6.E.2: Metal6 to Via5 enclosure on opposite sides must be >= 0.06 um ;
    COPY l60090;
}
NOT via6 metal7_conn l12598;

RULE METAL7.E.1 {
    CAPTION METAL7.E.1: Metal7 to Via6 enclosure must be >= 0.005 um ;
    COPY l12598;
}
ENC via6 metal7_conn -lt 0.005 -abut eq 0 -output region l66988;

RULE METAL7.E.1__2 {
    CAPTION METAL7.E.1: Metal7 to Via6 enclosure must be >= 0.005 um ;
    COPY l66988;
}
AND via6 metal7_conn l77703;
RECT_ENC l77703 metal7_conn -abut lt 90 -singular -good 0 0.06 opposite 0 0.06 opposite l76314;

RULE METAL7.E.2 {
    CAPTION METAL7.E.2: Metal7 to Via6 enclosure on opposite sides must be >= 0.06 um ;
    COPY l76314;
}
NOT via7 metal8_conn l57654;

RULE METAL8.E.1 {
    CAPTION METAL8.E.1: Metal8 to Via7 enclosure must be >= 0.05 um ;
    COPY l57654;
}
ENC via7 metal8_conn -lt 0.05 -abut eq 0 -output region l18310;

RULE METAL8.E.1__2 {
    CAPTION METAL8.E.1: Metal8 to Via7 enclosure must be >= 0.05 um ;
    COPY l18310;
}
AND via7 metal8_conn l32647;
RECT_ENC l32647 metal8_conn -abut lt 90 -singular -good 0 0.1 opposite 0 0.1 opposite l31503;

RULE METAL8.E.2 {
    CAPTION METAL8.E.2: Metal8 to Via7 enclosure on opposite sides must be >= 0.1 um ;
    COPY l31503;
}
NOT via8 metal9_conn l2710;

RULE METAL9.E.1 {
    CAPTION METAL9.E.1: Metal9 to Via8 enclosure must be >= 0.05 um ;
    COPY l2710;
}
ENC via8 metal9_conn -lt 0.05 -abut eq 0 -output region l82136;

RULE METAL9.E.1__2 {
    CAPTION METAL9.E.1: Metal9 to Via8 enclosure must be >= 0.05 um ;
    COPY l82136;
}
AND via8 metal9_conn l87591;
RECT_ENC l87591 metal9_conn -abut lt 90 -singular -good 0 0.1 opposite 0 0.1 opposite l65188;

RULE METAL9.E.2 {
    CAPTION METAL9.E.2: Metal9 to Via8 enclosure on opposite sides must be >= 0.1 um ;
    COPY l65188;
}
NOT cont metal1_conn l80230;

RULE METAL1.E.1 {
    CAPTION METAL1.E.1: Metal1 to Cont enclosure must be >= 0.00 um ;
    COPY l80230;
}
AND cont metal1_conn l89929;
RECT_ENC l89929 metal1_conn -abut lt 90 -singular -good 0 0.01 opposite 0 0.01 opposite l83995;

RULE METAL1.E.2 {
    CAPTION METAL1.E.2: Metal1 to Cont enclosure on opposite sides must be >= 0.06 um ;
    COPY l83995;
}
INTE metal1_conn metal1_conn -lt 0.12 -output region l91458;

RULE METAL1.W.1 {
    CAPTION METAL1.W.1: Metal1 width must be >= 0.12 um ;
    COPY l91458;
}
INTE metal2_conn metal2_conn -lt 0.1 -output region l80833;

RULE METAL2.W.1 {
    CAPTION METAL2.W.1: Metal2 width must be >= 0.1 um ;
    COPY l80833;
}
INTE metal3_conn metal3_conn -lt 0.001 -output region l53186;

RULE METAL3.W.1 {
    CAPTION METAL3.W.1: Metal3 width must be >= 0.12 um ;
    COPY l53186;
}
INTE metal4_conn metal4_conn -lt 0.14 -output region l41757;

RULE METAL4.W.1 {
    CAPTION METAL4.W.1: Metal4 width must be >= 0.14 um ;
    COPY l41757;
}
INTE metal5_conn metal5_conn -lt 0.14 -output region l69404;

RULE METAL5.W.1 {
    CAPTION METAL5.W.1: Metal5 width must be >= 0.14 um ;
    COPY l69404;
}
INTE metal6_conn metal6_conn -lt 0.14 -output region l2949;

RULE METAL6.W.1 {
    CAPTION METAL6.W.1: Metal6 width must be >= 0.14 um ;
    COPY l2949;
}
INTE metal7_conn metal7_conn -lt 0.14 -output region l75302;

RULE METAL7.W.1 {
    CAPTION METAL7.W.1: Metal7 width must be >= 0.14 um ;
    COPY l75302;
}
INTE metal8_conn metal8_conn -lt 0.44 -output region l44772;

RULE METAL8.W.1 {
    CAPTION METAL8.W.1: Metal8 width must be >= 0.44 um ;
    COPY l44772;
}
INTE metal9_conn metal9_conn -lt 0.44 -output region l50171;

RULE METAL9.W.1 {
    CAPTION METAL9.W.1: Metal9 width must be >= 0.44 um ;
    COPY l50171;
}
OR bondpad cont_array_zone l8765;
OR l8765 via1_array_zone l85990;
NOT metal1_conn l85990 l35539;
SIZE l35539 -by 6 -truncate 8.485281 -underOver l77186;

RULE METAL1.W.2 {
    CAPTION METAL1.W.2: Metal1 width must be <= 12.0 um ;
    COPY l77186;
}
OR bondpad via1_array_zone l27316;
OR l27316 via2_array_zone l67756;
NOT metal2_conn l67756 l97586;
SIZE l97586 -by 6 -truncate 8.485281 -underOver l87450;

RULE METAL2.W.2 {
    CAPTION METAL2.W.2: Metal2 width must be <= 12.0 um ;
    COPY l87450;
}
OR bondpad via2_array_zone l24309;
OR l24309 via3_array_zone l33178;
NOT metal3_conn l33178 l14510;
SIZE l14510 -by 6 -truncate 8.485281 -underOver l44726;

RULE METAL3.W.2 {
    CAPTION METAL3.W.2: Metal3 width must be <= 12.0 um ;
    COPY l44726;
}
OR bondpad via3_array_zone l21302;
OR l21302 via4_array_zone l50251;
NOT metal4_conn l50251 l57744;
SIZE l57744 -by 6 -truncate 8.485281 -underOver l78598;

RULE METAL4.W.2 {
    CAPTION METAL4.W.2: Metal4 width must be <= 12.0 um ;
    COPY l78598;
}
OR bondpad via4_array_zone l18295;
OR l18295 via5_array_zone l54843;
NOT metal5_conn l54843 l44438;
SIZE l44438 -by 6 -truncate 8.485281 -underOver l32894;

RULE METAL5.W.2 {
    CAPTION METAL5.W.2: Metal5 width must be <= 12.0 um ;
    COPY l32894;
}
OR bondpad via5_array_zone l15288;
OR l15288 via6_array_zone l46091;
NOT metal6_conn l46091 l48539;
SIZE l48539 -by 6 -truncate 8.485281 -underOver l31140;

RULE METAL6.W.2 {
    CAPTION METAL6.W.2: Metal6 width must be <= 12.0 um ;
    COPY l31140;
}
OR bondpad via6_array_zone l12281;
NOT metal7 l12281 l27627;
SIZE l27627 -by 6 -truncate 8.485281 -underOver l73371;

RULE METAL7.W.2 {
    CAPTION METAL7.W.2: Metal7 width must be <= 12.0 um ;
    COPY l73371;
}
NOT metal8_conn bondpad l16305;
SIZE l16305 -by 6 -truncate 8.485281 -underOver l25448;

RULE METAL8.W.2 {
    CAPTION METAL8.W.2: Metal8 width must be <= 12.0 um ;
    COPY l25448;
}
NOT metal9_conn bondpad l64496;
SIZE l64496 -by 6 -truncate 8.485281 -underOver l82568;

RULE METAL9.W.2 {
    CAPTION METAL9.W.2: Metal9 width must be <= 12.0 um ;
    COPY l82568;
}

RULE METAL2.SP.1.1 {
    EXTE metal2 metal2 -lt 0.1 -abut lt 90 -measure all -output region l67720;
    CAPTION METAL2.SP.1.1: Metal2 to Metal2 spacing must be >= 0.14 um ;
    COPY l67720;
}
EXTE metal3 metal3 -lt 0.001 -abut lt 90 -measure all -output region l33543;

RULE METAL3.SP.1.1 {
    CAPTION METAL3.SP.1.1: Metal3 to Metal3 spacing must be >= 0.10 um ;
    COPY l33543;
}
EXTE metal4 metal4 -lt 0.14 -abut lt 90 -measure all -output region l634;

RULE METAL4.SP.1.1 {
    CAPTION METAL4.SP.1.1: Metal4 to Metal4 spacing must be >= 0.14 um ;
    COPY l634;
}
EXTE metal5 metal5 -lt 0.14 -abut lt 90 -measure all -output region l34811;

RULE METAL5.SP.1.1 {
    CAPTION METAL5.SP.1.1: Metal5 to Metal5 spacing must be >= 0.14 um ;
    COPY l34811;
}
EXTE metal6 metal6 -lt 0.14 -abut lt 90 -measure all -output region l68988;

RULE METAL6.SP.1.1 {
    CAPTION METAL6.SP.1.1: Metal6 to Metal6 spacing must be >= 0.14 um ;
    COPY l68988;
}
EXTE metal7 metal7 -lt 0.14 -abut lt 90 -measure all -output region l3165;

RULE METAL7.SP.1.1 {
    CAPTION METAL7.SP.1.1: Metal7 to Metal7 spacing must be >= 0.14 um ;
    COPY l3165;
}
EXTE metal8 metal8 -lt 0.4 -abut lt 90 -measure all -output region l32713;

RULE METAL8.SP.1.1 {
    CAPTION METAL8.SP.1.1: Metal8 to Metal8 spacing must be >= 0.40 um ;
    COPY l32713;
}
EXTE metal9 metal9 -lt 0.4 -abut lt 90 -measure all -output region l98536;

RULE METAL9.SP.1.1 {
    CAPTION METAL9.SP.1.1: Metal9 to Metal9 spacing must be >= 0.40 um ;
    COPY l98536;
}
SIZE metal1 -by 0.09 -truncate 0.1272792 -underOver l18723;
EDGE_BOOLEAN -COINCIDENT_ONLY metal1 l18723 -inside l52985;
EXTE metal1 l52985 -ltgt 0 0.18 -metric opposite -output positive2 -measure all l3396;
EDGE_LENGTH l3396 -gt 0.56 l79024;

RULE METAL1.SP.1.2 {
    CAPTION METAL1.SP.1.2: Metal1 to Metal1 spacing must be >= 0.18 um ;
    COPY l79024;
}
SIZE metal2 -by 0.1 -truncate 0.1414214 -underOver l2155;
EDGE_BOOLEAN -COINCIDENT_ONLY metal2 l2155 -inside l71132;
EXTE metal2 l71132 -ltgt 0 0.2 -metric opposite -output positive2 -measure all l38729;
EDGE_LENGTH l38729 -gt 0.56 l30628;

RULE METAL2.SP.1.2 {
    CAPTION METAL2.SP.1.2: Metal2 to Metal2 spacing must be >= 0.20 um ;
    COPY l30628;
}
SIZE metal3 -by 0.1 -truncate 0.1414214 -underOver l84874;
EDGE_BOOLEAN -COINCIDENT_ONLY metal3 l84874 -inside l56835;
EXTE metal3 l56835 -ltgt 0 0.2 -metric opposite -output positive2 -measure all l85493;
EDGE_LENGTH l85493 -gt 0.56 l36164;

RULE METAL3.SP.1.2 {
    CAPTION METAL3.SP.1.2: Metal3 to Metal3 spacing must be >= 0.20 um ;
    COPY l36164;
}
SIZE metal4 -by 0.1 -truncate 0.1414214 -underOver l67593;
EDGE_BOOLEAN -COINCIDENT_ONLY metal4 l67593 -inside l56281;
EXTE metal4 l56281 -ltgt 0 0.2 -metric opposite -output positive2 -measure all l10299;
EDGE_LENGTH l10299 -gt 0.56 l97218;

RULE METAL4.SP.1.2 {
    CAPTION METAL4.SP.1.2: Metal4 to Metal4 spacing must be >= 0.20 um ;
    COPY l97218;
}
SIZE metal5 -by 0.1 -truncate 0.1414214 -underOver l50312;
EDGE_BOOLEAN -COINCIDENT_ONLY metal5 l50312 -inside l41605;
EXTE metal5 l41605 -ltgt 0 0.2 -metric opposite -output positive2 -measure all l53198;
EDGE_LENGTH l53198 -gt 0.56 l24547;

RULE METAL5.SP.1.2 {
    CAPTION METAL5.SP.1.2: Metal5 to Metal5 spacing must be >= 0.20 um ;
    COPY l24547;
}
SIZE metal6 -by 0.1 -truncate 0.1414214 -underOver l34265;
EDGE_BOOLEAN -COINCIDENT_ONLY metal6 l34265 -inside l54941;
EXTE metal6 l54941 -ltgt 0 0.2 -metric opposite -output positive2 -measure all l42278;
EDGE_LENGTH l42278 -gt 0.56 l45696;

RULE METAL6.SP.1.2 {
    CAPTION METAL6.SP.1.2: Metal6 to Metal6 spacing must be >= 0.20 um ;
    COPY l45696;
}
SIZE metal7 -by 0.1 -truncate 0.1414214 -underOver l51546;
EDGE_BOOLEAN -COINCIDENT_ONLY metal7 l51546 -inside l63351;
EXTE metal7 l63351 -ltgt 0 0.2 -metric opposite -output positive2 -measure all l60224;
EDGE_LENGTH l60224 -gt 0.56 l33787;

RULE METAL7.SP.1.2 {
    CAPTION METAL7.SP.1.2: Metal7 to Metal7 spacing must be >= 0.20 um ;
    COPY l33787;
}
SIZE metal1 -by 0.75 -truncate 1.06066 -underOver l45840;
EDGE_BOOLEAN -COINCIDENT_ONLY metal1 l45840 -inside l4475;
EXTE metal1 l4475 -ltgt 0 0.5 -metric opposite -output positive2 -measure all l88697;
EDGE_LENGTH l88697 -gt 1.5 l38744;

RULE METAL1.SP.1.3 {
    CAPTION METAL1.SP.1.3: Metal1 to Metal1 spacing must be >= 0.50 um ;
    COPY l38744;
}
SIZE metal2 -by 0.75 -truncate 1.06066 -underOver l28559;
EDGE_BOOLEAN -COINCIDENT_ONLY metal2 l28559 -inside l4572;
EXTE metal2 l4572 -ltgt 0 0.5 -metric opposite -output positive2 -measure all l60838;
EDGE_LENGTH l60838 -gt 1.5 l66759;

RULE METAL2.SP.1.3 {
    CAPTION METAL2.SP.1.3: Metal2 to Metal2 spacing must be >= 0.50 um ;
    COPY l66759;
}
SIZE metal3 -by 0.75 -truncate 1.06066 -underOver l11278;
EDGE_BOOLEAN -COINCIDENT_ONLY metal3 l11278 -inside l10077;
EXTE metal3 l10077 -ltgt 0 0.5 -metric opposite -output positive2 -measure all l45734;
EDGE_LENGTH l45734 -gt 1.5 l46203;

RULE METAL3.SP.1.3 {
    CAPTION METAL3.SP.1.3: Metal3 to Metal3 spacing must be >= 0.50 um ;
    COPY l46203;
}
SIZE metal4 -by 0.75 -truncate 1.06066 -underOver l93997;
EDGE_BOOLEAN -COINCIDENT_ONLY metal4 l93997 -inside l43624;
EXTE metal4 l43624 -ltgt 0 0.5 -metric opposite -output positive2 -measure all l55955;
EDGE_LENGTH l55955 -gt 1.5 l46371;

RULE METAL4.SP.1.3 {
    CAPTION METAL4.SP.1.3: Metal4 to Metal4 spacing must be >= 0.50 um ;
    COPY l46371;
}
SIZE metal5 -by 0.75 -truncate 1.06066 -underOver l76716;
EDGE_BOOLEAN -COINCIDENT_ONLY metal5 l76716 -inside l22889;
EXTE metal5 l22889 -ltgt 0 0.5 -metric opposite -output positive2 -measure all l69716;
EDGE_LENGTH l69716 -gt 1.5 l3166;

RULE METAL5.SP.1.3 {
    CAPTION METAL5.SP.1.3: Metal5 to Metal5 spacing must be >= 0.50 um ;
    COPY l3166;
}
SIZE metal6 -by 0.75 -truncate 1.06066 -underOver l7861;
EDGE_BOOLEAN -COINCIDENT_ONLY metal6 l7861 -inside l89373;
EXTE metal6 l89373 -ltgt 0 0.5 -metric opposite -output positive2 -measure all l98656;
EDGE_LENGTH l98656 -gt 1.5 l56388;

RULE METAL6.SP.1.3 {
    CAPTION METAL6.SP.1.3: Metal6 to Metal6 spacing must be >= 0.50 um ;
    COPY l56388;
}
SIZE metal7 -by 0.75 -truncate 1.06066 -underOver l25142;
EDGE_BOOLEAN -COINCIDENT_ONLY metal7 l25142 -inside l50694;
EXTE metal7 l50694 -ltgt 0 0.5 -metric opposite -output positive2 -measure all l27719;
EDGE_LENGTH l27719 -gt 1.5 l21918;

RULE METAL7.SP.1.3 {
    CAPTION METAL7.SP.1.3: Metal7 to Metal7 spacing must be >= 0.50 um ;
    COPY l21918;
}
SIZE metal8 -by 0.75 -truncate 1.06066 -underOver l42423;
EDGE_BOOLEAN -COINCIDENT_ONLY metal8 l42423 -inside l1690;
EXTE metal8 l1690 -ltgt 0 0.5 -metric opposite -output positive2 -measure all l16660;
EDGE_LENGTH l16660 -gt 1.5 l26865;

RULE METAL8.SP.1.2 {
    CAPTION METAL8.SP.1.2: Metal8 to Metal8 spacing must be >= 0.50 um ;
    COPY l26865;
}
SIZE metal9 -by 0.75 -truncate 1.06066 -underOver l59704;
EDGE_BOOLEAN -COINCIDENT_ONLY metal9 l59704 -inside l58745;
EXTE metal9 l58745 -ltgt 0 0.5 -metric opposite -output positive2 -measure all l4668;
EDGE_LENGTH l4668 -gt 1.5 l94704;

RULE METAL9.SP.1.2 {
    CAPTION METAL9.SP.1.2: Metal9 to Metal9 spacing must be >= 0.50 um ;
    COPY l94704;
}
SIZE metal1 -by 1.5 -truncate 2.12132 -underOver l88077;
EDGE_BOOLEAN -COINCIDENT_ONLY metal1 l88077 -inside l47464;
EXTE metal1 l47464 -ltgt 0 0.9 -metric opposite -output positive2 -measure all l65430;
EDGE_LENGTH l65430 -gt 3 l27321;

RULE METAL1.SP.1.4 {
    CAPTION METAL1.SP.1.4: Metal1 to Metal1 spacing must be >= 0.90 um ;
    COPY l27321;
}
SIZE metal2 -by 1.5 -truncate 2.12132 -underOver l70796;
EDGE_BOOLEAN -COINCIDENT_ONLY metal2 l70796 -inside l83652;
EXTE metal2 l83652 -ltgt 0 0.9 -metric opposite -output positive2 -measure all l69454;
EDGE_LENGTH l69454 -gt 3 l62519;

RULE METAL2.SP.1.4 {
    CAPTION METAL2.SP.1.4: Metal2 to Metal2 spacing must be >= 0.90 um ;
    COPY l62519;
}
SIZE metal3 -by 1.5 -truncate 2.12132 -underOver l53515;
EDGE_BOOLEAN -COINCIDENT_ONLY metal3 l53515 -inside l62917;
EXTE metal3 l62917 -ltgt 0 0.9 -metric opposite -output positive2 -measure all l50332;
EDGE_LENGTH l50332 -gt 3 l6466;

RULE METAL3.SP.1.4 {
    CAPTION METAL3.SP.1.4: Metal3 to Metal3 spacing must be >= 0.90 um ;
    COPY l6466;
}
SIZE metal4 -by 1.5 -truncate 2.12132 -underOver l36234;
EDGE_BOOLEAN -COINCIDENT_ONLY metal4 l36234 -inside l62363;
EXTE metal4 l62363 -ltgt 0 0.9 -metric opposite -output positive2 -measure all l78828;
EDGE_LENGTH l78828 -gt 3 l24188;

RULE METAL4.SP.1.4 {
    CAPTION METAL4.SP.1.4: Metal4 to Metal4 spacing must be >= 0.90 um ;
    COPY l24188;
}
SIZE metal5 -by 1.5 -truncate 2.12132 -underOver l18953;
EDGE_BOOLEAN -COINCIDENT_ONLY metal5 l18953 -inside l87420;
EXTE metal5 l87420 -ltgt 0 0.9 -metric opposite -output positive2 -measure all l80342;
EDGE_LENGTH l80342 -gt 3 l99072;

RULE METAL5.SP.1.4 {
    CAPTION METAL5.SP.1.4: Metal5 to Metal5 spacing must be >= 0.90 um ;
    COPY l99072;
}
SIZE metal6 -by 1.5 -truncate 2.12132 -underOver l65624;
EDGE_BOOLEAN -COINCIDENT_ONLY metal6 l65624 -inside l28678;
EXTE metal6 l28678 -ltgt 0 0.9 -metric opposite -output positive2 -measure all l36583;
EDGE_LENGTH l36583 -gt 3 l98484;

RULE METAL6.SP.1.4 {
    CAPTION METAL6.SP.1.4: Metal6 to Metal6 spacing must be >= 0.90 um ;
    COPY l98484;
}
SIZE metal7 -by 1.5 -truncate 2.12132 -underOver l82905;
EDGE_BOOLEAN -COINCIDENT_ONLY metal7 l82905 -inside l89614;
EXTE metal7 l89614 -ltgt 0 0.9 -metric opposite -output positive2 -measure all l40909;
EDGE_LENGTH l40909 -gt 3 l23053;

RULE METAL7.SP.1.4 {
    CAPTION METAL7.SP.1.4: Metal7 to Metal7 spacing must be >= 0.90 um ;
    COPY l23053;
}
SIZE metal8 -by 1.5 -truncate 2.12132 -underOver l186;
EDGE_BOOLEAN -COINCIDENT_ONLY metal8 l186 -inside l56898;
EXTE metal8 l56898 -ltgt 0 0.9 -metric opposite -output positive2 -measure all l50538;
EDGE_LENGTH l50538 -gt 3 l85530;

RULE METAL8.SP.1.3 {
    CAPTION METAL8.SP.1.3: Metal8 to Metal8 spacing must be >= 0.90 um ;
    COPY l85530;
}
SIZE metal9 -by 1.5 -truncate 2.12132 -underOver l17467;
EDGE_BOOLEAN -COINCIDENT_ONLY metal9 l17467 -inside l11585;
EXTE metal9 l11585 -ltgt 0 0.9 -metric opposite -output positive2 -measure all l38299;
EDGE_LENGTH l38299 -gt 3 l7020;

RULE METAL9.SP.1.3 {
    CAPTION METAL9.SP.1.3: Metal9 to Metal9 spacing must be >= 0.90 um ;
    COPY l7020;
}
SIZE metal1 -by 2.25 -truncate 3.181981 -underOver l16403;
EDGE_BOOLEAN -COINCIDENT_ONLY metal1 l16403 -inside l91322;
EXTE metal1 l91322 -ltgt 0 1.5 -metric opposite -output positive2 -measure all l3443;
EDGE_LENGTH l3443 -gt 4.5 l23127;

RULE METAL1.SP.1.5 {
    CAPTION METAL1.SP.1.5: Metal1 to Metal1 spacing must be >= 1.50 um ;
    COPY l23127;
}
SIZE metal2 -by 2.25 -truncate 3.181981 -underOver l99122;
EDGE_BOOLEAN -COINCIDENT_ONLY metal2 l99122 -inside l99258;
EXTE metal2 l99258 -ltgt 0 1.5 -metric opposite -output positive2 -measure all l20652;
EDGE_LENGTH l20652 -gt 4.5 l44566;

RULE METAL2.SP.1.5 {
    CAPTION METAL2.SP.1.5: Metal2 to Metal2 spacing must be >= 1.50 um ;
    COPY l44566;
}
SIZE metal3 -by 2.25 -truncate 3.181981 -underOver l81841;
EDGE_BOOLEAN -COINCIDENT_ONLY metal3 l81841 -inside l30374;
EXTE metal3 l30374 -ltgt 0 1.5 -metric opposite -output positive2 -measure all l52329;
EDGE_LENGTH l52329 -gt 4.5 l53154;

RULE METAL3.SP.1.5 {
    CAPTION METAL3.SP.1.5: Metal3 to Metal3 spacing must be >= 1.50 um ;
    COPY l53154;
}
SIZE metal4 -by 2.25 -truncate 3.181981 -underOver l64560;
EDGE_BOOLEAN -COINCIDENT_ONLY metal4 l64560 -inside l29820;
EXTE metal4 l29820 -ltgt 0 1.5 -metric opposite -output positive2 -measure all l17124;
EDGE_LENGTH l17124 -gt 4.5 l17970;

RULE METAL4.SP.1.5 {
    CAPTION METAL4.SP.1.5: Metal4 to Metal4 spacing must be >= 1.50 um ;
    COPY l17970;
}
SIZE metal5 -by 2.25 -truncate 3.181981 -underOver l47279;
EDGE_BOOLEAN -COINCIDENT_ONLY metal5 l47279 -inside l29917;
EXTE metal5 l29917 -ltgt 0 1.5 -metric opposite -output positive2 -measure all l77612;
EDGE_LENGTH l77612 -gt 4.5 l24648;

RULE METAL5.SP.1.5 {
    CAPTION METAL5.SP.1.5: Metal5 to Metal5 spacing must be >= 1.50 um ;
    COPY l24648;
}
SIZE metal6 -by 2.25 -truncate 3.181981 -underOver l37298;
EDGE_BOOLEAN -COINCIDENT_ONLY metal6 l37298 -inside l81402;
EXTE metal6 l81402 -ltgt 0 1.5 -metric opposite -output positive2 -measure all l16976;
EDGE_LENGTH l16976 -gt 4.5 l85140;

RULE METAL6.SP.1.5 {
    CAPTION METAL6.SP.1.5: Metal6 to Metal6 spacing must be >= 1.50 um ;
    COPY l85140;
}
SIZE metal7 -by 2.25 -truncate 3.181981 -underOver l54579;
EDGE_BOOLEAN -COINCIDENT_ONLY metal7 l54579 -inside l36890;
EXTE metal7 l36890 -ltgt 0 1.5 -metric opposite -output positive2 -measure all l66498;
EDGE_LENGTH l66498 -gt 4.5 l3476;

RULE METAL7.SP.1.5 {
    CAPTION METAL7.SP.1.5: Metal7 to Metal7 spacing must be >= 1.50 um ;
    COPY l3476;
}
SIZE metal8 -by 2.25 -truncate 3.181981 -underOver l71860;
EDGE_BOOLEAN -COINCIDENT_ONLY metal8 l71860 -inside l88537;
EXTE metal8 l88537 -ltgt 0 1.5 -metric opposite -output positive2 -measure all l15574;
EDGE_LENGTH l15574 -gt 4.5 l67887;

RULE METAL8.SP.1.4 {
    CAPTION METAL8.SP.1.4: Metal8 to Metal8 spacing must be >= 1.50 um ;
    COPY l67887;
}
SIZE metal9 -by 2.25 -truncate 3.181981 -underOver l89141;
EDGE_BOOLEAN -COINCIDENT_ONLY metal9 l89141 -inside l71203;
EXTE metal9 l71203 -ltgt 0 1.5 -metric opposite -output positive2 -measure all l93461;
EDGE_LENGTH l93461 -gt 4.5 l3146;

RULE METAL9.SP.1.4 {
    CAPTION METAL9.SP.1.4: Metal9 to Metal9 spacing must be >= 1.50 um ;
    COPY l3146;
}
SIZE metal1 -by 3.75 -truncate 5.303301 -underOver l86966;
EDGE_BOOLEAN -COINCIDENT_ONLY metal1 l86966 -inside l67549;
EXTE metal1 l67549 -ltgt 0 2.5 -metric opposite -output positive2 -measure all l96014;
EDGE_LENGTH l96014 -gt 7.5 l92236;

RULE METAL1.SP.1.6 {
    CAPTION METAL1.SP.1.6: Metal1 to Metal1 spacing must be >= 2.50 um ;
    COPY l92236;
}
SIZE metal2 -by 3.75 -truncate 5.303301 -underOver l69685;
EDGE_BOOLEAN -COINCIDENT_ONLY metal2 l69685 -inside l31897;
EXTE metal2 l31897 -ltgt 0 2.5 -metric opposite -output positive2 -measure all l84176;
EDGE_LENGTH l84176 -gt 7.5 l78862;

RULE METAL2.SP.1.6 {
    CAPTION METAL2.SP.1.6: Metal2 to Metal2 spacing must be >= 2.50 um ;
    COPY l78862;
}
SIZE metal3 -by 3.75 -truncate 5.303301 -underOver l52404;
EDGE_BOOLEAN -COINCIDENT_ONLY metal3 l52404 -inside l17221;
EXTE metal3 l17221 -ltgt 0 2.5 -metric opposite -output positive2 -measure all l51586;
EDGE_LENGTH l51586 -gt 7.5 l55755;

RULE METAL3.SP.1.6 {
    CAPTION METAL3.SP.1.6: Metal3 to Metal3 spacing must be >= 2.50 um ;
    COPY l55755;
}
SIZE metal4 -by 3.75 -truncate 5.303301 -underOver l35123;
EDGE_BOOLEAN -COINCIDENT_ONLY metal4 l35123 -inside l16667;
EXTE metal4 l16667 -ltgt 0 2.5 -metric opposite -output positive2 -measure all l81400;
EDGE_LENGTH l81400 -gt 7.5 l39591;

RULE METAL4.SP.1.6 {
    CAPTION METAL4.SP.1.6: Metal4 to Metal4 spacing must be >= 2.50 um ;
    COPY l39591;
}
SIZE metal5 -by 3.75 -truncate 5.303301 -underOver l17842;
EDGE_BOOLEAN -COINCIDENT_ONLY metal5 l17842 -inside l41724;
EXTE metal5 l41724 -ltgt 0 2.5 -metric opposite -output positive2 -measure all l4655;
EDGE_LENGTH l4655 -gt 7.5 l90680;

RULE METAL5.SP.1.6 {
    CAPTION METAL5.SP.1.6: Metal5 to Metal5 spacing must be >= 2.50 um ;
    COPY l90680;
}
SIZE metal6 -by 3.75 -truncate 5.303301 -underOver l66735;
EDGE_BOOLEAN -COINCIDENT_ONLY metal6 l66735 -inside l74374;
EXTE metal6 l74374 -ltgt 0 2.5 -metric opposite -output positive2 -measure all l17817;
EDGE_LENGTH l17817 -gt 7.5 l70678;

RULE METAL6.SP.1.6 {
    CAPTION METAL6.SP.1.6: Metal6 to Metal6 spacing must be >= 2.50 um ;
    COPY l70678;
}
SIZE metal7 -by 3.75 -truncate 5.303301 -underOver l84016;
EDGE_BOOLEAN -COINCIDENT_ONLY metal7 l84016 -inside l69529;
EXTE metal7 l69529 -ltgt 0 2.5 -metric opposite -output positive2 -measure all l43284;
EDGE_LENGTH l43284 -gt 7.5 l36691;

RULE METAL7.SP.1.6 {
    CAPTION METAL7.SP.1.6: Metal7 to Metal7 spacing must be >= 2.50 um ;
    COPY l36691;
}
SIZE metal8 -by 3.75 -truncate 5.303301 -underOver l1297;
EDGE_BOOLEAN -COINCIDENT_ONLY metal8 l1297 -inside l17378;
EXTE metal8 l17378 -ltgt 0 2.5 -metric opposite -output positive2 -measure all l12896;
EDGE_LENGTH l12896 -gt 7.5 l65390;

RULE METAL8.SP.1.5 {
    CAPTION METAL8.SP.1.5: Metal8 to Metal8 spacing must be >= 2.50 um ;
    COPY l65390;
}
SIZE metal9 -by 3.75 -truncate 5.303301 -underOver l18578;
EDGE_BOOLEAN -COINCIDENT_ONLY metal9 l18578 -inside l65889;
EXTE metal9 l65889 -ltgt 0 2.5 -metric opposite -output positive2 -measure all l70699;
EDGE_LENGTH l70699 -gt 7.5 l89413;

RULE METAL9.SP.1.5 {
    CAPTION METAL9.SP.1.5: Metal9 to Metal9 spacing must be >= 2.50 um ;
    COPY l89413;
}
ANGLE metal1 -ltgt 0 90 l51265;
EDGE_LENGTH l51265 -lt 0.18 l28380;

RULE METAL1.L.1 {
    CAPTION METAL1.L.1: Metal1 non-90 degree segments must be >= 0.18 um ;
    COPY l28380;
}
ANGLE metal2 -ltgt 0 90 l51296;
EDGE_LENGTH l51296 -lt 0.2 l2791;

RULE METAL2.L.1 {
    CAPTION METAL2.L.1: Metal2 non-90 degree segments must be >= 0.20 um ;
    COPY l2791;
}
ANGLE metal3 -ltgt 0 90 l51327;
EDGE_LENGTH l51327 -lt 0.2 l19362;

RULE METAL3.L.1 {
    CAPTION METAL3.L.1: Metal3 non-90 degree segments must be >= 0.20 um ;
    COPY l19362;
}
ANGLE metal4 -ltgt 0 90 l51358;
EDGE_LENGTH l51358 -lt 0.2 l21632;

RULE METAL4.L.1 {
    CAPTION METAL4.L.1: Metal4 non-90 degree segments must be >= 0.20 um ;
    COPY l21632;
}
ANGLE metal5 -ltgt 0 90 l51389;
EDGE_LENGTH l51389 -lt 0.2 l95330;

RULE METAL5.L.1 {
    CAPTION METAL5.L.1: Metal5 non-90 degree segments must be >= 0.20 um ;
    COPY l95330;
}
ANGLE metal6 -ltgt 0 90 l51420;
EDGE_LENGTH l51420 -lt 0.2 l10276;

RULE METAL6.L.1 {
    CAPTION METAL6.L.1: Metal6 non-90 degree segments must be >= 0.20 um ;
    COPY l10276;
}
ANGLE metal7 -ltgt 0 90 l51451;
EDGE_LENGTH l51451 -lt 0.2 l83974;

RULE METAL7.L.1 {
    CAPTION METAL7.L.1: Metal7 non-90 degree segments must be >= 0.20 um ;
    COPY l83974;
}
EXTE metal1 l51265 -ltgt 0 0.16 -measure all -output region l99784;

RULE METAL1.SP.2 {
    CAPTION METAL1.SP.2: Metal1 to bent Metal1 spacing must be >= 0.16 um ;
    COPY l99784;
}
INTE l51265 l51265 -lt 0.14 -output region l22162;

RULE METAL1.W.3 {
    CAPTION METAL1.W.3: Bent Metal1 (45 degree angle) width must be >= 0.14 ;
    COPY l22162;
}
EXTE metal2 l51296 -ltgt 0 0.18 -measure all -output region l3261;

RULE METAL2.SP.2 {
    CAPTION METAL2.SP.2: Metal2 to bent Metal2 spacing must be >= 0.18 um ;
    COPY l3261;
}
INTE l51296 l51296 -lt 0.16 -output region l982;

RULE METAL2.W.3 {
    CAPTION METAL2.W.3: Bent Metal2 (45 degree angle) width must be >= 0.16 ;
    COPY l982;
}
EXTE metal3 l51327 -ltgt 0 0.18 -measure all -output region l35605;

RULE METAL3.SP.2 {
    CAPTION METAL3.SP.2: Metal3 to bent Metal3 spacing must be >= 0.18 um ;
    COPY l35605;
}
INTE l51327 l51327 -lt 0.16 -output region l9101;

RULE METAL3.W.3 {
    CAPTION METAL3.W.3: Bent Metal3 (45 degree angle) width must be >= 0.16 ;
    COPY l9101;
}
EXTE metal4 l51358 -ltgt 0 0.18 -measure all -output region l28584;

RULE METAL4.SP.2 {
    CAPTION METAL4.SP.2: Metal4 to bent Metal4 spacing must be >= 0.18 um ;
    COPY l28584;
}
INTE l51358 l51358 -lt 0.16 -output region l79313;

RULE METAL4.W.3 {
    CAPTION METAL4.W.3: Bent Metal4 (45 degree angle) width must be >= 0.16 ;
    COPY l79313;
}
EXTE metal5 l51389 -ltgt 0 0.18 -measure all -output region l74523;

RULE METAL5.SP.2 {
    CAPTION METAL5.SP.2: Metal5 to bent Metal5 spacing must be >= 0.18 um ;
    COPY l74523;
}
INTE l51389 l51389 -lt 0.16 -output region l99569;

RULE METAL5.W.3 {
    CAPTION METAL5.W.3: Bent Metal5 (45 degree angle) width must be >= 0.16 ;
    COPY l99569;
}
EXTE metal6 l51420 -ltgt 0 0.18 -measure all -output region l64578;

RULE METAL6.SP.2 {
    CAPTION METAL6.SP.2: Metal6 to bent Metal6 spacing must be >= 0.18 um ;
    COPY l64578;
}
INTE l51420 l51420 -lt 0.16 -output region l63757;

RULE METAL6.W.3 {
    CAPTION METAL6.W.3: Bent Metal6 (45 degree angle) width must be >= 0.16 ;
    COPY l63757;
}
EXTE metal7 l51451 -ltgt 0 0.18 -measure all -output region l38529;

RULE METAL7.SP.2 {
    CAPTION METAL7.SP.2: Metal7 to bent Metal7 spacing must be >= 0.18 um ;
    COPY l38529;
}
INTE l51451 l51451 -lt 0.16 -output region l84875;

RULE METAL7.W.3 {
    CAPTION METAL7.W.3: Bent Metal7 (45 degree angle) width must be >= 0.16 ;
    COPY l84875;
}
AREA metal1 -lt 0.07 l96360;
AREA metal2 -lt 0.08 l13610;
AREA metal3 -lt 0.08 l30891;

RULE METAL3.A.1 {
    CAPTION METAL3.A.1: Metal3 area must be >= 0.08 um ;
    COPY l30891;
}
AREA metal4 -lt 0.08 l48172;

RULE METAL4.A.1 {
    CAPTION METAL4.A.1: Metal4 area must be >= 0.08 um ;
    COPY l48172;
}
AREA metal5 -lt 0.08 l65454;

RULE METAL5.A.1 {
    CAPTION METAL5.A.1: Metal5 area must be >= 0.08 um ;
    COPY l65454;
}
AREA metal6 -lt 0.08 l82734;

RULE METAL6.A.1 {
    CAPTION METAL6.A.1: Metal6 area must be >= 0.08 um ;
    COPY l82734;
}
AREA metal7 -lt 0.08 l15;

RULE METAL7.A.1 {
    CAPTION METAL7.A.1: Metal7 area must be >= 0.08 um ;
    COPY l15;
}
AREA metal8 -lt 0.2 l11336;

RULE METAL8.A.1 {
    CAPTION METAL8.A.1: Metal8 area must be >= 0.2 um ;
    COPY l11336;
}
AREA metal9 -lt 0.2 l40023;

RULE METAL9.A.1 {
    CAPTION METAL9.A.1: Metal9 area must be >= 0.2 um ;
    COPY l40023;
}
RECT_CHK -not via1 -eq 0.14 -by "eq" 0.14 -aspect ge 1 -orthogonal_only l36752;

RULE VIA1.W.1 {
    CAPTION VIA1.W.1: Via1 shapes must be 0.14x0.14 rectangles ;
    COPY l36752;
}
EXTE via1 via1 -lt 0.15 -abut lt 90 -measure all -output region l25807;

RULE VIA1.SP.1 {
    CAPTION VIA1.SP.1: Via1 to Via1 spacing must be >= 0.15 um ;
    COPY l25807;
}
SIZE via1 -by 0.1 -truncate 0.1414214 l15302;
SIZE l15302 -by 0.459 -truncate 0.649124 -underOver l84599;
AND l84599 via1 l25088;
EXTE l25088 l25088 -lt 0.2 -notch not -abut lt 90 -measure all -output region l69629;

RULE VIA1.SP.2 {
    CAPTION VIA1.SP.2: Via1 to Via1 spacing must be >= 0.20 um ;
    COPY l69629;
}
RECT_CHK -not via2 -eq 0.14 -by "eq" 0.14 -aspect ge 1 -orthogonal_only l28751;

RULE VIA2.W.1 {
    CAPTION VIA2.W.1: Via2 shapes must be 0.14x0.14 rectangles ;
    COPY l28751;
}
EXTE via2 via2 -lt 0.05 -abut lt 90 -measure all -output region l8370;

RULE VIA2.SP.1 {
    CAPTION VIA2.SP.1: Via2 to Via2 spacing must be >= 0.05 um ;
    COPY l8370;
}
SIZE via2 -by 0.1 -truncate 0.1414214 l11621;
SIZE l11621 -by 0.459 -truncate 0.649124 -underOver l27899;
AND l27899 via2 l88103;
EXTE l88103 l88103 -lt 0.2 -notch not -abut lt 90 -measure all -output region l55498;

RULE VIA2.SP.2 {
    CAPTION VIA2.SP.2: Via2 to Via2 spacing must be >= 0.20 um ;
    COPY l55498;
}
RECT_CHK -not via3 -eq 0.14 -by "eq" 0.14 -aspect ge 1 -orthogonal_only l20750;

RULE VIA3.W.1 {
    CAPTION VIA3.W.1: Via3 shapes must be 0.14x0.14 rectangles ;
    COPY l20750;
}
EXTE via3 via3 -lt 0.15 -abut lt 90 -measure all -output region l42547;

RULE VIA3.SP.1 {
    CAPTION VIA3.SP.1: Via3 to Via3 spacing must be >= 0.15 um ;
    COPY l42547;
}
SIZE via3 -by 0.1 -truncate 0.1414214 l92060;
SIZE l92060 -by 0.459 -truncate 0.649124 -underOver l21079;
AND l21079 via3 l93896;
EXTE l93896 l93896 -lt 0.2 -notch not -abut lt 90 -measure all -output region l30223;

RULE VIA3.SP.2 {
    CAPTION VIA3.SP.2: Via3 to Via3 spacing must be >= 0.20 um ;
    COPY l30223;
}
RECT_CHK -not via4 -eq 0.14 -by "eq" 0.14 -aspect ge 1 -orthogonal_only l54547;

RULE VIA4.W.1 {
    CAPTION VIA4.W.1: Via4 shapes must be 0.14x0.14 rectangles ;
    COPY l54547;
}
EXTE via4 via4 -lt 0.15 -abut lt 90 -measure all -output region l76724;

RULE VIA4.SP.1 {
    CAPTION VIA4.SP.1: Via4 to Via4 spacing must be >= 0.15 um ;
    COPY l76724;
}
SIZE via4 -by 0.1 -truncate 0.1414214 l95741;
SIZE l95741 -by 0.459 -truncate 0.649124 -underOver l94846;
AND l94846 via4 l34019;
EXTE l34019 l34019 -lt 0.2 -notch not -abut lt 90 -measure all -output region l77709;

RULE VIA4.SP.2 {
    CAPTION VIA4.SP.2: Via4 to Via4 spacing must be >= 0.20 um ;
    COPY l77709;
}
RECT_CHK -not via5 -eq 0.14 -by "eq" 0.14 -aspect ge 1 -orthogonal_only l62548;

RULE VIA5.W.1 {
    CAPTION VIA5.W.1: Via5 shapes must be 0.14x0.14 rectangles ;
    COPY l62548;
}
EXTE via5 via5 -lt 0.15 -abut lt 90 -measure all -output region l10901;

RULE VIA5.SP.1 {
    CAPTION VIA5.SP.1: Via5 to Via5 spacing must be >= 0.15 um ;
    COPY l10901;
}
SIZE via5 -by 0.1 -truncate 0.1414214 l99422;
SIZE l99422 -by 0.459 -truncate 0.649124 -underOver l51547;
AND l51547 via5 l22113;
EXTE l22113 l22113 -lt 0.2 -notch not -abut lt 90 -measure all -output region l53591;

RULE VIA5.SP.2 {
    CAPTION VIA5.SP.2: Via5 to Via5 spacing must be >= 0.20 um ;
    COPY l53591;
}
RECT_CHK -not via6 -eq 0.14 -by "eq" 0.14 -aspect ge 1 -orthogonal_only l29451;

RULE VIA6.W.1 {
    CAPTION VIA6.W.1: Via6 shapes must be 0.14x0.14 rectangles ;
    COPY l29451;
}
EXTE via6 via6 -lt 0.15 -abut lt 90 -measure all -output region l45078;

RULE VIA6.SP.1 {
    CAPTION VIA6.SP.1: Via6 to Via6 spacing must be >= 0.15 um ;
    COPY l45078;
}
SIZE via6 -by 0.1 -truncate 0.1414214 l64193;
SIZE l64193 -by 0.459 -truncate 0.649124 -underOver l37939;
AND l37939 via6 l13373;
EXTE l13373 l13373 -lt 0.2 -notch not -abut lt 90 -measure all -output region l93571;

RULE VIA6.SP.2 {
    CAPTION VIA6.SP.2: Via6 to Via6 spacing must be >= 0.20 um ;
    COPY l93571;
}
RECT_CHK -not via7 -eq 0.36 -by "eq" 0.36 -aspect ge 1 -orthogonal_only l69194;

RULE VIA7.W.1 {
    CAPTION VIA7.W.1: Via7 shapes must be 0.36x0.36 rectangles ;
    COPY l69194;
}
EXTE via7 via7 -lt 0.36 -abut lt 90 -measure all -output region l89994;

RULE VIA7.SP.1 {
    CAPTION VIA7.SP.1: Via7 to Via7 spacing must be >= 0.36 um ;
    COPY l89994;
}
RECT_CHK -not via8 -eq 0.36 -by "eq" 0.36 -aspect ge 1 -orthogonal_only l61193;

RULE VIA8.W.1 {
    CAPTION VIA8.W.1: Via8 shapes must be 0.36x0.36 rectangles ;
    COPY l61193;
}
EXTE via8 via8 -lt 0.36 -abut lt 90 -measure all -output region l55817;

RULE VIA8.SP.1 {
    CAPTION VIA8.SP.1: Via8 to Via8 spacing must be >= 0.36 um ;
    COPY l55817;
}
NOT via1 metal1_conn l50933;

RULE VIA1.E.1 {
    CAPTION VIA1.E.1: Metal1 to Via1 enclosure must be >= 0.005 um ;
    COPY l50933;
}
ENC via1 metal1_conn -lt 0.005 -abut eq 0 -output region l44737;

RULE VIA1.E.1__2 {
    CAPTION VIA1.E.1: Metal1 to Via1 enclosure must be >= 0.005 um ;
    COPY l44737;
}
AND via1 metal1_conn l60632;
RECT_ENC l60632 metal1_conn -abut lt 90 -singular -good 0 0.06 opposite 0 0.06 opposite l21185;

RULE VIA1.E.2 {
    CAPTION VIA1.E.2: Metal1 to Via1 enclosure on opposite sides must be >= 0.06 um ;
    COPY l21185;
}
NOT via2 metal2_conn l95989;

RULE VIA2.E.1 {
    CAPTION VIA2.E.1: Metal2 to Via2 enclosure must be >= 0.005 um ;
    COPY l95989;
}
ENC via2 metal2_conn -lt 0.005 -abut eq 0 -output region l48989;

RULE VIA2.E.1__2 {
    CAPTION VIA2.E.1: Metal2 to Via2 enclosure must be >= 0.005 um ;
    COPY l48989;
}
AND via2 metal2_conn l5688;
RECT_ENC l5688 metal2_conn -abut lt 90 -singular -good 0 0.06 opposite 0 0.06 opposite l29830;

RULE VIA2.E.2 {
    CAPTION VIA2.E.2: Metal2 to Via2 enclosure on opposite sides must be >= 0.06 um ;
    COPY l29830;
}
NOT via3 metal3_conn l26251;

RULE VIA3.E.1 {
    CAPTION VIA3.E.1: Metal3 to Via3 enclosure must be >= 0.005 um ;
    COPY l26251;
}
ENC via3 metal3_conn -lt 0.005 -abut eq 0 -output region l24581;

RULE VIA3.E.1__2 {
    CAPTION VIA3.E.1: Metal3 to Via3 enclosure must be >= 0.005 um ;
    COPY l24581;
}
AND via3 metal3_conn l50744;
RECT_ENC l50744 metal3_conn -abut lt 90 -singular -good 0 0.06 opposite 0 0.06 opposite l98948;

RULE VIA3.E.2 {
    CAPTION VIA3.E.2: Metal3 to Via3 enclosure on opposite sides must be >= 0.06 um ;
    COPY l98948;
}
NOT via4 metal4_conn l81195;

RULE VIA4.E.1 {
    CAPTION VIA4.E.1: Metal4 to Via4 enclosure must be >= 0.005 um ;
    COPY l81195;
}
ENC via4 metal4_conn -lt 0.005 -abut eq 0 -output region l69145;

RULE VIA4.E.1__2 {
    CAPTION VIA4.E.1: Metal4 to Via4 enclosure must be >= 0.005 um ;
    COPY l69145;
}
AND via4 metal4_conn l95800;
RECT_ENC l95800 metal4_conn -abut lt 90 -singular -good 0 0.06 opposite 0 0.06 opposite l79493;

RULE VIA4.E.2 {
    CAPTION VIA4.E.2: Metal4 to Via4 enclosure on opposite sides must be >= 0.06 um ;
    COPY l79493;
}
NOT via5 metal5_conn l36139;

RULE VIA5.E.1 {
    CAPTION VIA5.E.1: Metal5 to Via5 enclosure must be >= 0.005 um ;
    COPY l36139;
}
ENC via5 metal5_conn -lt 0.005 -abut eq 0 -output region l4425;

RULE VIA5.E.1__2 {
    CAPTION VIA5.E.1: Metal5 to Via5 enclosure must be >= 0.005 um ;
    COPY l4425;
}
AND via5 metal5_conn l40856;
RECT_ENC l40856 metal5_conn -abut lt 90 -singular -good 0 0.06 opposite 0 0.06 opposite l23289;

RULE VIA5.E.2 {
    CAPTION VIA5.E.2: Metal5 to Via5 enclosure on opposite sides must be >= 0.06 um ;
    COPY l23289;
}
NOT via6 metal6_conn l91083;

RULE VIA6.E.1 {
    CAPTION VIA6.E.1: Metal6 to Via6 enclosure must be >= 0.005 um ;
    COPY l91083;
}
ENC via6 metal6_conn -lt 0.005 -abut eq 0 -output region l89301;

RULE VIA6.E.1__2 {
    CAPTION VIA6.E.1: Metal6 to Via6 enclosure must be >= 0.005 um ;
    COPY l89301;
}
AND via6 metal6_conn l85912;
RECT_ENC l85912 metal6_conn -abut lt 90 -singular -good 0 0.06 opposite 0 0.06 opposite l42744;

RULE VIA6.E.2 {
    CAPTION VIA6.E.2: Metal6 to Via6 enclosure on opposite sides must be >= 0.06 um ;
    COPY l42744;
}
NOT via7 metal7_conn l46027;

RULE VIA7.E.1 {
    CAPTION VIA7.E.1: Metal7 to Via7 enclosure must be >= 0.03 um ;
    COPY l46027;
}
ENC via7 metal7_conn -lt 0.03 -abut eq 0 -output region l67335;

RULE VIA7.E.1__2 {
    CAPTION VIA7.E.1: Metal7 to Via7 enclosure must be >= 0.03 um ;
    COPY l67335;
}
AND via7 metal7_conn l36328;
RECT_ENC l36328 metal7_conn -abut lt 90 -singular -good 0 0.08 opposite 0 0.08 opposite l53758;

RULE VIA7.E.2 {
    CAPTION VIA7.E.2: Metal7 to Via7 enclosure on opposite sides must be >= 0.08 um ;
    COPY l53758;
}
NOT via8 metal8_conn l99029;

RULE VIA8.E.1 {
    CAPTION VIA8.E.1: Metal8 to Via8 enclosure must be >= 0.03 um ;
    COPY l99029;
}
ENC via8 metal8_conn -lt 0.03 -abut eq 0 -output region l33111;

RULE VIA8.E.1__2 {
    CAPTION VIA8.E.1: Metal8 to Via8 enclosure must be >= 0.03 um ;
    COPY l33111;
}
AND via8 metal8_conn l91272;
RECT_ENC l91272 metal8_conn -abut lt 90 -singular -good 0 0.08 opposite 0 0.08 opposite l53118;

RULE VIA8.E.2 {
    CAPTION VIA8.E.2: Metal8 to Via8 enclosure on opposite sides must be >= 0.08 um ;
    COPY l53118;
}

RULE VIA1.X.1 {
    CAPTION VIA1.X.1: Metal1 must connect to Metal2 with >= 2 Via1 spaced < 0.30 um or >= 4 Via1 spaced < 0.60 um ;
    COPY rule_via1_x_1;
}

RULE VIA2.X.1 {
    CAPTION VIA2.X.1: Metal2 must connect to Metal3 with >= 2 Via2 spaced < 0.30 um or >= 4 Via2 spaced < 0.60 um ;
    COPY rule_via2_x_1;
}

RULE VIA3.X.1 {
    CAPTION VIA3.X.1: Metal3 must connect to Metal4 with >= 2 Via3 spaced < 0.30 um or >= 4 Via3 spaced < 0.60 um ;
    COPY rule_via3_x_1;
}

RULE VIA4.X.1 {
    CAPTION VIA4.X.1: Metal4 must connect to Metal5 with >= 2 Via4 spaced < 0.30 um or >= 4 Via4 spaced < 0.60 um ;
    COPY rule_via4_x_1;
}

RULE VIA5.X.1 {
    CAPTION VIA5.X.1: Metal5 must connect to Metal6 with >= 2 Via5 spaced < 0.30 um or >= 4 Via5 spaced < 0.60 um ;
    COPY rule_via5_x_1;
}

RULE VIA6.X.1 {
    CAPTION VIA6.X.1: Metal6 must connect to Metal7 with >= 2 Via6 spaced < 0.30 um or >= 4 Via6 spaced < 0.60 um ;
    COPY rule_via6_x_1;
}

RULE VIA1.X.2 {
    CAPTION VIA1.X.2: Metal1 must connect to Metal2 with >= 4 Via1 spaced < 0.30 um or >= 9 Via1 spaced < 0.60 um ;
    COPY rule_via1_x_2;
}

RULE VIA2.X.2 {
    CAPTION VIA2.X.2: Metal2 must connect to Metal3 with >= 4 Via2 spaced < 0.30 um or >= 9 Via2 spaced < 0.60 um ;
    COPY rule_via2_x_2;
}

RULE VIA3.X.2 {
    CAPTION VIA3.X.2: Metal3 must connect to Metal4 with >= 4 Via3 spaced < 0.30 um or >= 9 Via3 spaced < 0.60 um ;
    COPY rule_via3_x_2;
}

RULE VIA4.X.2 {
    CAPTION VIA4.X.2: Metal4 must connect to Metal5 with >= 4 Via4 spaced < 0.30 um or >= 9 Via4 spaced < 0.60 um ;
    COPY rule_via4_x_2;
}

RULE VIA5.X.2 {
    CAPTION VIA5.X.2: Metal5 must connect to Metal6 with >= 4 Via5 spaced < 0.30 um or >= 9 Via5 spaced < 0.60 um ;
    COPY rule_via5_x_2;
}

RULE VIA6.X.2 {
    CAPTION VIA6.X.2: Metal6 must connect to Metal7 with >= 4 Via6 spaced < 0.30 um or >= 9 Via6 spaced < 0.60 um ;
    COPY rule_via6_x_2;
}
AND nwell ntap__2 l93572;
AND nwell psd l72697;
SIZE l93572 -by 25 -inside_of nwell -step 0.6 l90704;
NOT l72697 l90704 l90674;
NOT ptap__2 nwell l79414;
OR npndummy nwell l96072;
OR l96072 pnpdummy l26270;
NOT nsd l26270 l6461;
EXTENT T1__2190;
NOT T1__2190 nwell l46334;
SIZE l79414 -by 25 -inside_of l46334 -step 0.42 l24977;
NOT l6461 l24977 l37491;

RULE LATCHUP.2 {
    CAPTION LATCHUP.2: N+SD to Psub tap spacing must be <= 25.0 um ;
    COPY l37491;
}
SELECT -CUT nmos_io_esd pmos_io_esd l9400;
SELECT -CUT pmos_io_esd nmos_io_esd l30456;
AND l30456 l9400 l74391;

RULE LATCHUP.3 {
    CAPTION LATCHUP.3: NMOS (I/O or ESD) to PMOS (I/O or ESD) spacing must be >= 18.0 um ;
    COPY l74391;
}
EXTE nmos_io_esd pmos_io_esd -lt 18 -abut lt 90 -measure all -output region l94851;

RULE LATCHUP.3__2 {
    CAPTION LATCHUP.3: NMOS (I/O or ESD) to PMOS (I/O or ESD) spacing must be >= 18.0 um ;
    COPY l94851;
}
EXTE nmos_io_esd pmos_io_esd -lt 50 -abut lt 90 -measure all -output region l50607;
NOT l50607 ntap__2 l63942;
SELECT -INTERACT l63942 nmos_io_esd l52832;
SELECT -INTERACT l52832 pmos_io_esd l42370;

RULE LATCHUP.3__3 {
    CAPTION LATCHUP.3: NMOS (I/O or ESD) to PMOS (I/O or ESD) spacing must be >= 50.0 um when not blocked by a double guard ring ;
    COPY l42370;
}
NOT l50607 ptap__2 l16900;
SELECT -INTERACT l16900 nmos_io_esd l19258;
SELECT -INTERACT l19258 pmos_io_esd l69963;

RULE LATCHUP.3__4 {
    CAPTION LATCHUP.3: NMOS (I/O or ESD) to PMOS (I/O or ESD) spacing must be >= 50.0 um when not blocked by a double guard ring ;
    COPY l69963;
}
NOT metal1_slot bondpad l2166;
INTE l2166 l2166 -lt 2 -output region l71949;

RULE MSLOT1.W.1_MSLOT1.L.1 {
    CAPTION MSLOT1.W.1_MSLOT1.L.1: Metal1 Slot width/length must be >= 2.0 um ;
    COPY l71949;
}
EXTE l2166 l2166 -lt 0.12 -abut lt 90 -measure all -output region l67120;

RULE MSLOT1.SP.1 {
    CAPTION MSLOT1.SP.1: Metal1 Slot to Metal1 Slot spacing must be >= 0.12 um ;
    COPY l67120;
}
NOT metal2_slot bondpad l13321;
INTE l13321 l13321 -lt 2 -output region l23404;

RULE MSLOT2.W.1_MSLOT2.L.1 {
    CAPTION MSLOT2.W.1_MSLOT2.L.1: Metal2 Slot width/length must be >= 2.0 um ;
    COPY l23404;
}
EXTE l13321 l13321 -lt 0.14 -abut lt 90 -measure all -output region l75151;

RULE MSLOT2.SP.1 {
    CAPTION MSLOT2.SP.1: Metal2 Slot to Metal2 Slot spacing must be >= 0.14 um ;
    COPY l75151;
}
NOT metal3_slot bondpad l61512;
INTE l61512 l61512 -lt 2 -output region l5161;

RULE MSLOT3.W.1_MSLOT3.L.1 {
    CAPTION MSLOT3.W.1_MSLOT3.L.1: Metal3 Slot width/length must be >= 2.0 um ;
    COPY l5161;
}
EXTE l61512 l61512 -lt 0.14 -abut lt 90 -measure all -output region l76484;

RULE MSLOT3.SP.1 {
    CAPTION MSLOT3.SP.1: Metal3 Slot to Metal3 Slot spacing must be >= 0.14 um ;
    COPY l76484;
}
NOT metal4_slot bondpad l90297;
INTE l90297 l90297 -lt 2 -output region l83531;

RULE MSLOT4.W.1_MSLOT4.L.1 {
    CAPTION MSLOT4.W.1_MSLOT4.L.1: Metal4 Slot width/length must be >= 2.0 um ;
    COPY l83531;
}
EXTE l90297 l90297 -lt 0.14 -abut lt 90 -measure all -output region l2458;

RULE MSLOT4.SP.1 {
    CAPTION MSLOT4.SP.1: Metal4 Slot to Metal4 Slot spacing must be >= 0.14 um ;
    COPY l2458;
}
NOT metal5_slot bondpad l25190;
INTE l25190 l25190 -lt 2 -output region l40481;

RULE MSLOT5.W.1_MSLOT5.L.1 {
    CAPTION MSLOT5.W.1_MSLOT5.L.1: Metal5 Slot width/length must be >= 2.0 um ;
    COPY l40481;
}
EXTE l25190 l25190 -lt 0.14 -abut lt 90 -measure all -output region l47942;

RULE MSLOT5.SP.1 {
    CAPTION MSLOT5.SP.1: Metal5 Slot to Metal5 Slot spacing must be >= 0.14 um ;
    COPY l47942;
}
NOT metal6_slot bondpad l26619;
INTE l26619 l26619 -lt 2 -output region l80566;

RULE MSLOT6.W.1_MSLOT6.L.1 {
    CAPTION MSLOT6.W.1_MSLOT6.L.1: Metal6 Slot width/length must be >= 2.0 um ;
    COPY l80566;
}
EXTE l26619 l26619 -lt 0.14 -abut lt 90 -measure all -output region l30267;

RULE MSLOT6.SP.1 {
    CAPTION MSLOT6.SP.1: Metal6 Slot to Metal6 Slot spacing must be >= 0.14 um ;
    COPY l30267;
}
NOT metal7_slot bondpad l78428;
INTE l78428 l78428 -lt 2 -output region l16309;

RULE MSLOT7.W.1_MSLOT7.L.1 {
    CAPTION MSLOT7.W.1_MSLOT7.L.1: Metal7 Slot width/length must be >= 2.0 um ;
    COPY l16309;
}
EXTE l78428 l78428 -lt 0.14 -abut lt 90 -measure all -output region l6554;

RULE MSLOT7.SP.1 {
    CAPTION MSLOT7.SP.1: Metal7 Slot to Metal7 Slot spacing must be >= 0.14 um ;
    COPY l6554;
}
NOT metal8_slot bondpad l37059;
INTE l37059 l37059 -lt 2 -output region l76788;

RULE MSLOT8.W.1_MSLOT8.L.1 {
    CAPTION MSLOT8.W.1_MSLOT8.L.1: Metal8 Slot width/length must be >= 2.0 um ;
    COPY l76788;
}
EXTE l37059 l37059 -lt 0.44 -abut lt 90 -measure all -output region l14834;

RULE MSLOT8.SP.1 {
    CAPTION MSLOT8.SP.1: Metal8 Slot to Metal8 Slot spacing must be >= 0.44 um ;
    COPY l14834;
}
NOT metal9_slot bondpad l14750;
INTE l14750 l14750 -lt 2 -output region l69461;

RULE MSLOT9.W.1_MSLOT9.L.1 {
    CAPTION MSLOT9.W.1_MSLOT9.L.1: Metal9 Slot width/length must be >= 2.0 um ;
    COPY l69461;
}
EXTE l14750 l14750 -lt 0.44 -abut lt 90 -measure all -output region l80019;

RULE MSLOT9.SP.1 {
    CAPTION MSLOT9.SP.1: Metal9 Slot to Metal9 Slot spacing must be >= 0.44 um ;
    COPY l80019;
}
AND esddummy oxide l6455;
EDGE_BOOLEAN -INSIDE poly l6455 l15520;
EDGE_LENGTH -not l15520 -lege 15 65 l9671;

RULE ESD.1 {
    CAPTION ESD.1: ESD gate width must be >= 15.0 um and <= 65.0 um ;
    COPY l9671;
}
AND esddummy rule_esd_4_nmos l27760;

RULE ESD.4 {
    CAPTION ESD.4: N+ source should connect to Pad or Bulk ;
    COPY l27760;
}
AND esddummy rule_esd_4_pmos l74802;

RULE ESD.4__2 {
    CAPTION ESD.4: P+ source should connect to Pad or Nwell ;
    COPY l74802;
}
AND esddummy rule_esd_5 l36673;

RULE ESD.5 {
    CAPTION ESD.5: NMOS I/O and ESD devices must be inside P+ rings ;
    COPY l36673;
}
AND esddummy rule_esd_6 l36642;

RULE ESD.6 {
    CAPTION ESD.6: PMOS I/O and ESD devices must be inside N+ rings ;
    COPY l36642;
}
AND esddummy rule_esd_7_nmos l28493;

RULE ESD.7 {
    CAPTION ESD.7: P+ taps can NOT butt NMOS I/O and ESD devices ;
    COPY l28493;
}
AND esddummy rule_esd_7_pmos l81451;

RULE ESD.7__2 {
    CAPTION ESD.7: N+ taps can NOT butt PMOS I/O and ESD devices ;
    COPY l81451;
}
AND esddummy rule_esd_8_nmos l75188;

RULE ESD.8 {
    CAPTION ESD.8: N+ drains must be non-salicided (except Contact area) ;
    COPY l75188;
}
AND esddummy rule_esd_8_pmos l22230;

RULE ESD.8__2 {
    CAPTION ESD.8: P+ drains must be non-salicided (except Contact area) ;
    COPY l22230;
}
EDGE_BOOLEAN -INSIDE siprot l6455 l82127;
INTE l15520 l82127 -lt 0.05 -output region l80475;

RULE ESD.11 {
    CAPTION ESD.11: SiProt to Poly gate overlap must be >= 0.05 um ;
    COPY l80475;
}
ENC l15520 l82127 -lt 1.8 -abut eq 0 -output region l35440;

RULE ESD.12 {
    CAPTION ESD.12: SiProt to Poly gate enclosure must be >= 1.8 um ;
    COPY l35440;
}
AND esddummy siprot l43253;
INTE l6455 l43253 -lt 1.8 -output region l5517;

RULE ESD.13 {
    CAPTION ESD.13: SiProt to Oxide overlap must be >= 1.8 um ;
    COPY l5517;
}
AND esddummy poly l75100;
EDGE_BOOLEAN -INSIDE oxide l75100 l20590;
EDGE_LENGTH -not l20590 -eq 0.3 l25924;

RULE ESD.14 {
    CAPTION ESD.14: ESD gate length must be == 0.3 um ;
    COPY l25924;
}
AND cont l6455 l34304;
EDGE_BOOLEAN -COINCIDENT_ONLY l34304 l34304 T1__2287;
EDGE_EXPAND T1__2287 -inside_by 0.005 l68066;
EDGE_EXPAND l15520 -inside_by 0.005 l14423;
AND l14423 l68066 l48710;

RULE ESD.15 {
    CAPTION ESD.15: Poly gate to Cont spacing must be >= 0.25 um ;
    COPY l48710;
}
EXTE l34304 l15520 -lt 0.25 -abut lt 90 -measure all -output region l71792;

RULE ESD.15__2 {
    CAPTION ESD.15: Poly gate to Cont spacing must be >= 0.25 um ;
    COPY l71792;
}

RULE BONDPAD.O.1 {
    CAPTION BONDPAD.O.1: Bondpads must contain Metal 1 ;
    COPY rule_bondpad_missing_m1;
}

RULE BONDPAD.O.1__2 {
    CAPTION BONDPAD.O.1: Bondpads must contain Metal 2 ;
    COPY rule_bondpad_missing_m2;
}

RULE BONDPAD.O.1__3 {
    CAPTION BONDPAD.O.1: Bondpads must contain Metal 3 ;
    COPY rule_bondpad_missing_m3;
}

RULE BONDPAD.O.1__4 {
    CAPTION BONDPAD.O.1: Bondpads must contain Metal 4 ;
    COPY rule_bondpad_missing_m4;
}

RULE BONDPAD.O.1__5 {
    CAPTION BONDPAD.O.1: Bondpads must contain Metal 5 ;
    COPY rule_bondpad_missing_m5;
}

RULE BONDPAD.O.1__6 {
    CAPTION BONDPAD.O.1: Bondpads must contain Metal 6 ;
    COPY rule_bondpad_missing_m6;
}

RULE BONDPAD.O.1__7 {
    CAPTION BONDPAD.O.1: Bondpads must contain Metal 7 ;
    COPY rule_bondpad_missing_m7;
}

RULE BONDPAD.O.1__8 {
    CAPTION BONDPAD.O.1: Bondpads must contain Metal 8 ;
    COPY rule_bondpad_missing_m8;
}

RULE BONDPAD.O.1__9 {
    CAPTION BONDPAD.O.1: Bondpads must contain Metal 9 ;
    COPY rule_bondpad_missing_m9;
}

RULE BONDPAD.O.2 {
    CAPTION BONDPAD.O.2: Bondpad Metal1/Metal2 intersection must contain Via 1 ;
    COPY rule_bondpad_missing_v1;
}

RULE BONDPAD.O.2__2 {
    CAPTION BONDPAD.O.2: Bondpad Metal2/Metal3 intersection must contain Via 2 ;
    COPY rule_bondpad_missing_v2;
}

RULE BONDPAD.O.2__3 {
    CAPTION BONDPAD.O.2: Bondpad Metal3/Metal4 intersection must contain Via 3 ;
    COPY rule_bondpad_missing_v3;
}

RULE BONDPAD.O.2__4 {
    CAPTION BONDPAD.O.2: Bondpad Metal4/Metal5 intersection must contain Via 4 ;
    COPY rule_bondpad_missing_v4;
}

RULE BONDPAD.O.2__5 {
    CAPTION BONDPAD.O.2: Bondpad Metal5/Metal6 intersection must contain Via 5 ;
    COPY rule_bondpad_missing_v5;
}

RULE BONDPAD.O.2__6 {
    CAPTION BONDPAD.O.2: Bondpad Metal6/Metal7 intersection must contain Via 6 ;
    COPY rule_bondpad_missing_v6;
}

RULE BONDPAD.O.2__7 {
    CAPTION BONDPAD.O.2: Bondpad Metal7/Metal8 intersection must contain Via 7 ;
    COPY rule_bondpad_missing_v7;
}

RULE BONDPAD.O.2__8 {
    CAPTION BONDPAD.O.2: Bondpad Metal8/Metal9 intersection must contain Via 8 ;
    COPY rule_bondpad_missing_v8;
}
SELECT -CUT bondpad bondpad_metal1_filled l30956;
NOT l30956 bondpad_metal1_filled l90176;

RULE BONDPAD.E.1 {
    CAPTION BONDPAD.E.1: Metal1 to Bondpad enclosure must be >= 2.0 um ;
    COPY l90176;
}
ENC bondpad bondpad_metal1_filled -lt 2 -abut eq 0 -output region l14482;

RULE BONDPAD.E.1__2 {
    CAPTION BONDPAD.E.1: Metal1 to Bondpad enclosure must be >= 2.0 um ;
    COPY l14482;
}
EXTE metal1 bondpad_metal1_filled -lt 3 -abut lt 90 -measure all -output region l34381;

RULE BONDPAD.SP.2 {
    CAPTION BONDPAD.SP.2: Bondpad Metal1 to Metal1 spacing must be >= 3.0 um ;
    COPY l34381;
}
SELECT -CUT bondpad bondpad_metal2_filled l81877;
NOT l81877 bondpad_metal2_filled l89055;

RULE BONDPAD.E.1__3 {
    CAPTION BONDPAD.E.1: Metal2 to Bondpad enclosure must be >= 2.0 um ;
    COPY l89055;
}
ENC bondpad bondpad_metal2_filled -lt 2 -abut eq 0 -output region l94861;

RULE BONDPAD.E.1__4 {
    CAPTION BONDPAD.E.1: Metal2 to Bondpad enclosure must be >= 2.0 um ;
    COPY l94861;
}
EXTE metal2 bondpad_metal2_filled -lt 3 -abut lt 90 -measure all -output region l40237;

RULE BONDPAD.SP.2__2 {
    CAPTION BONDPAD.SP.2: Bondpad Metal2 to Metal2 spacing must be >= 3.0 um ;
    COPY l40237;
}
SELECT -CUT bondpad bondpad_metal3_filled l72586;
NOT l72586 bondpad_metal3_filled l90439;

RULE BONDPAD.E.1__5 {
    CAPTION BONDPAD.E.1: Metal3 to Bondpad enclosure must be >= 2.0 um ;
    COPY l90439;
}
ENC bondpad bondpad_metal3_filled -lt 2 -abut eq 0 -output region l63092;

RULE BONDPAD.E.1__6 {
    CAPTION BONDPAD.E.1: Metal3 to Bondpad enclosure must be >= 2.0 um ;
    COPY l63092;
}
EXTE metal3 bondpad_metal3_filled -lt 3 -abut lt 90 -measure all -output region l46093;

RULE BONDPAD.SP.2__3 {
    CAPTION BONDPAD.SP.2: Bondpad Metal3 to Metal3 spacing must be >= 3.0 um ;
    COPY l46093;
}
SELECT -CUT bondpad bondpad_metal4_filled l27049;
NOT l27049 bondpad_metal4_filled l4976;

RULE BONDPAD.E.1__7 {
    CAPTION BONDPAD.E.1: Metal4 to Bondpad enclosure must be >= 2.0 um ;
    COPY l4976;
}
ENC bondpad bondpad_metal4_filled -lt 2 -abut eq 0 -output region l46251;

RULE BONDPAD.E.1__8 {
    CAPTION BONDPAD.E.1: Metal4 to Bondpad enclosure must be >= 2.0 um ;
    COPY l46251;
}
EXTE metal4 bondpad_metal4_filled -lt 3 -abut lt 90 -measure all -output region l48051;

RULE BONDPAD.SP.2__4 {
    CAPTION BONDPAD.SP.2: Bondpad Metal4 to Metal4 spacing must be >= 3.0 um ;
    COPY l48051;
}
SELECT -CUT bondpad bondpad_metal5_filled l85784;
NOT l85784 bondpad_metal5_filled l40139;

RULE BONDPAD.E.1__9 {
    CAPTION BONDPAD.E.1: Metal5 to Bondpad enclosure must be >= 2.0 um ;
    COPY l40139;
}
ENC bondpad bondpad_metal5_filled -lt 2 -abut eq 0 -output region l11702;

RULE BONDPAD.E.1__10 {
    CAPTION BONDPAD.E.1: Metal5 to Bondpad enclosure must be >= 2.0 um ;
    COPY l11702;
}
EXTE metal5 bondpad_metal5_filled -lt 3 -abut lt 90 -measure all -output region l42195;

RULE BONDPAD.SP.2__5 {
    CAPTION BONDPAD.SP.2: Bondpad Metal5 to Metal5 spacing must be >= 3.0 um ;
    COPY l42195;
}
SELECT -CUT bondpad bondpad_metal6_filled l68679;
NOT l68679 bondpad_metal6_filled l10708;

RULE BONDPAD.E.1__11 {
    CAPTION BONDPAD.E.1: Metal6 to Bondpad enclosure must be >= 2.0 um ;
    COPY l10708;
}
ENC bondpad bondpad_metal6_filled -lt 2 -abut eq 0 -output region l97641;

RULE BONDPAD.E.1__12 {
    CAPTION BONDPAD.E.1: Metal6 to Bondpad enclosure must be >= 2.0 um ;
    COPY l97641;
}
EXTE metal6 bondpad_metal6_filled -lt 3 -abut lt 90 -measure all -output region l36339;

RULE BONDPAD.SP.2__6 {
    CAPTION BONDPAD.SP.2: Bondpad Metal6 to Metal6 spacing must be >= 3.0 um ;
    COPY l36339;
}
SELECT -CUT bondpad bondpad_metal7_filled l44154;
NOT l44154 bondpad_metal7_filled l94733;

RULE BONDPAD.E.1__13 {
    CAPTION BONDPAD.E.1: Metal7 to Bondpad enclosure must be >= 2.0 um ;
    COPY l94733;
}
ENC bondpad bondpad_metal7_filled -lt 2 -abut eq 0 -output region l60312;

RULE BONDPAD.E.1__14 {
    CAPTION BONDPAD.E.1: Metal7 to Bondpad enclosure must be >= 2.0 um ;
    COPY l60312;
}
EXTE metal7 bondpad_metal7_filled -lt 3 -abut lt 90 -measure all -output region l36813;

RULE BONDPAD.SP.2__7 {
    CAPTION BONDPAD.SP.2: Bondpad Metal7 to Metal7 spacing must be >= 3.0 um ;
    COPY l36813;
}
SELECT -CUT bondpad bondpad_metal8_filled l10309;
NOT l10309 bondpad_metal8_filled l10361;

RULE BONDPAD.E.1__15 {
    CAPTION BONDPAD.E.1: Metal8 to Bondpad enclosure must be >= 2.0 um ;
    COPY l10361;
}
ENC bondpad bondpad_metal8_filled -lt 2 -abut eq 0 -output region l49031;

RULE BONDPAD.E.1__16 {
    CAPTION BONDPAD.E.1: Metal8 to Bondpad enclosure must be >= 2.0 um ;
    COPY l49031;
}
EXTE metal8 bondpad_metal8_filled -lt 3 -abut lt 90 -measure all -output region l42669;

RULE BONDPAD.SP.2__8 {
    CAPTION BONDPAD.SP.2: Bondpad Metal8 to Metal8 spacing must be >= 3.0 um ;
    COPY l42669;
}
SELECT -CUT bondpad bondpad_metal9_filled l2524;
NOT l2524 bondpad_metal9_filled l69720;

RULE BONDPAD.E.1__17 {
    CAPTION BONDPAD.E.1: Metal9 to Bondpad enclosure must be >= 2.0 um ;
    COPY l69720;
}
ENC bondpad bondpad_metal9_filled -lt 2 -abut eq 0 -output region l8922;

RULE BONDPAD.E.1__18 {
    CAPTION BONDPAD.E.1: Metal9 to Bondpad enclosure must be >= 2.0 um ;
    COPY l8922;
}
EXTE metal9 bondpad_metal9_filled -lt 3 -abut lt 90 -measure all -output region l48525;

RULE BONDPAD.SP.2__9 {
    CAPTION BONDPAD.SP.2: Bondpad Metal9 to Metal9 spacing must be >= 3.0 um ;
    COPY l48525;
}
SELECT -CUT bondpad_sq bondpad_to_die_edge l27480;
SELECT -CUT bondpad_to_die_edge bondpad_sq l88650;
AND l27480 l88650 l52596;

RULE BONDPAD.W.1 {
    CAPTION BONDPAD.W.1: Bondpad width must be >= 52.0 um ;
    COPY l52596;
}
EXTE bondpad_sq bondpad_to_die_edge -lt 5 -output positive1 -measure all l99771;
EDGE_LENGTH l99771 -lt 52 l78182;

RULE BONDPAD.W.1__2 {
    CAPTION BONDPAD.W.1: Bondpad width must be >= 52.0 um ;
    COPY l78182;
}
EXTE bondpad bondpad -lt 8 -abut lt 90 -measure all -output region l10002;

RULE BONDPAD.SP.1 {
    CAPTION BONDPAD.SP.1: Bondpad to Bondpad spacing must be >= 8.0 um ;
    COPY l10002;
}

RULE BONDPAD.L.1 {
    CAPTION BONDPAD.L.1: Bondpad length must be >= 68.0 um ;
    COPY rule_bondpad_l_1;
}

RULE BONDPAD.B.1 {
    CAPTION BONDPAD.B.1: Bondpad Metal1 must have bevelled corners ;
    COPY rule_bondpad_b_1_m1;
}

RULE BONDPAD.B.1__2 {
    CAPTION BONDPAD.B.1: Bondpad Metal2 must have bevelled corners ;
    COPY rule_bondpad_b_1_m2;
}

RULE BONDPAD.B.1__3 {
    CAPTION BONDPAD.B.1: Bondpad Metal3 must have bevelled corners ;
    COPY rule_bondpad_b_1_m3;
}

RULE BONDPAD.B.1__4 {
    CAPTION BONDPAD.B.1: Bondpad Metal4 must have bevelled corners ;
    COPY rule_bondpad_b_1_m4;
}

RULE BONDPAD.B.1__5 {
    CAPTION BONDPAD.B.1: Bondpad Metal5 must have bevelled corners ;
    COPY rule_bondpad_b_1_m5;
}

RULE BONDPAD.B.1__6 {
    CAPTION BONDPAD.B.1: Bondpad Metal6 must have bevelled corners ;
    COPY rule_bondpad_b_1_m6;
}

RULE BONDPAD.B.1__7 {
    CAPTION BONDPAD.B.1: Bondpad Metal7 must have bevelled corners ;
    COPY rule_bondpad_b_1_m7;
}

RULE BONDPAD.B.1__8 {
    CAPTION BONDPAD.B.1: Bondpad Metal8 must have bevelled corners ;
    COPY rule_bondpad_b_1_m8;
}

RULE BONDPAD.B.1__9 {
    CAPTION BONDPAD.B.1: Bondpad Metal9 must have bevelled corners ;
    COPY rule_bondpad_b_1_m9;
}
ANGLE bondpad_metal1_filled -ltgt 0 90 l28737;
EDGE_LENGTH -not l28737 -lege 1.8 3.2 l27118;

RULE BONDPAD.B.1__10 {
    CAPTION BONDPAD.B.1: Bondpad Metal1 beveled segments must be >= 1.8 um and <= 3.2 um ;
    COPY l27118;
}
ANGLE bondpad_metal2_filled -ltgt 0 90 l83200;
EDGE_LENGTH -not l83200 -lege 1.8 3.2 l25940;

RULE BONDPAD.B.1__11 {
    CAPTION BONDPAD.B.1: Bondpad Metal2 beveled segments must be >= 1.8 um and <= 3.2 um ;
    COPY l25940;
}
ANGLE bondpad_metal3_filled -ltgt 0 90 l29633;
EDGE_LENGTH -not l29633 -lege 1.8 3.2 l46836;

RULE BONDPAD.B.1__12 {
    CAPTION BONDPAD.B.1: Bondpad Metal3 beveled segments must be >= 1.8 um and <= 3.2 um ;
    COPY l46836;
}
ANGLE bondpad_metal4_filled -ltgt 0 90 l24830;
EDGE_LENGTH -not l24830 -lege 1.8 3.2 l49840;

RULE BONDPAD.B.1__13 {
    CAPTION BONDPAD.B.1: Bondpad Metal4 beveled segments must be >= 1.8 um and <= 3.2 um ;
    COPY l49840;
}
ANGLE bondpad_metal5_filled -ltgt 0 90 l88003;
EDGE_LENGTH -not l88003 -lege 1.8 3.2 l71056;

RULE BONDPAD.B.1__14 {
    CAPTION BONDPAD.B.1: Bondpad Metal5 beveled segments must be >= 1.8 um and <= 3.2 um ;
    COPY l71056;
}
ANGLE bondpad_metal6_filled -ltgt 0 90 l66460;
EDGE_LENGTH -not l66460 -lege 1.8 3.2 l80821;

RULE BONDPAD.B.1__15 {
    CAPTION BONDPAD.B.1: Bondpad Metal6 beveled segments must be >= 1.8 um and <= 3.2 um ;
    COPY l80821;
}
ANGLE bondpad_metal7_filled -ltgt 0 90 l46373;
EDGE_LENGTH -not l46373 -lege 1.8 3.2 l34058;

RULE BONDPAD.B.1__16 {
    CAPTION BONDPAD.B.1: Bondpad Metal7 beveled segments must be >= 1.8 um and <= 3.2 um ;
    COPY l34058;
}
ANGLE bondpad_metal8_filled -ltgt 0 90 l8090;
EDGE_LENGTH -not l8090 -lege 1.8 3.2 l37492;

RULE BONDPAD.B.1__17 {
    CAPTION BONDPAD.B.1: Bondpad Metal8 beveled segments must be >= 1.8 um and <= 3.2 um ;
    COPY l37492;
}
ANGLE bondpad_metal9_filled -ltgt 0 90 l62553;
EDGE_LENGTH -not l62553 -lege 1.8 3.2 l36564;

RULE BONDPAD.B.1__18 {
    CAPTION BONDPAD.B.1: Bondpad Metal9 beveled segments must be >= 1.8 um and <= 3.2 um ;
    COPY l36564;
}
AND via1 bondpad_metal1 l46240;
EXTE l46240 l46240 -lt 0.22 -abut lt 90 -measure all -output region l53610;

RULE BONDPAD.SP.3 {
    CAPTION BONDPAD.SP.3: Bondpad Via1 to Bondpad Via1 spacing must be >= 0.22 um ;
    COPY l53610;
}
AND via2 bondpad_metal2 l11328;
EXTE l11328 l11328 -lt 0.22 -abut lt 90 -measure all -output region l19447;

RULE BONDPAD.SP.3__2 {
    CAPTION BONDPAD.SP.3: Bondpad Via2 to Bondpad Via2 spacing must be >= 0.22 um ;
    COPY l19447;
}
AND via3 bondpad_metal3 l98400;
EXTE l98400 l98400 -lt 0.22 -abut lt 90 -measure all -output region l83;

RULE BONDPAD.SP.3__3 {
    CAPTION BONDPAD.SP.3: Bondpad Via3 to Bondpad Via3 spacing must be >= 0.22 um ;
    COPY l83;
}
AND via4 bondpad_metal4 l8128;
EXTE l8128 l8128 -lt 0.22 -abut lt 90 -measure all -output region l35695;

RULE BONDPAD.SP.3__4 {
    CAPTION BONDPAD.SP.3: Bondpad Via4 to Bondpad Via4 spacing must be >= 0.22 um ;
    COPY l35695;
}
AND via5 bondpad_metal5 l49440;
EXTE l49440 l49440 -lt 0.22 -abut lt 90 -measure all -output region l20663;

RULE BONDPAD.SP.3__5 {
    CAPTION BONDPAD.SP.3: Bondpad Via5 to Bondpad Via5 spacing must be >= 0.22 um ;
    COPY l20663;
}
AND via6 bondpad_metal6 l60288;
EXTE l60288 l60288 -lt 0.22 -abut lt 90 -measure all -output region l72758;

RULE BONDPAD.SP.3__6 {
    CAPTION BONDPAD.SP.3: Bondpad Via6 to Bondpad Via6 spacing must be >= 0.22 um ;
    COPY l72758;
}
AND via7 bondpad_metal7 l70016;
EXTE l70016 l70016 -lt 0.54 -abut lt 90 -measure all -output region l85735;

RULE BONDPAD.SP.4 {
    CAPTION BONDPAD.SP.4: Bondpad Via7 to Bondpad Via7 spacing must be >= 0.54 um ;
    COPY l85735;
}
AND via8 bondpad_metal8 l87552;
EXTE l87552 l87552 -lt 0.54 -abut lt 90 -measure all -output region l39440;

RULE BONDPAD.SP.4__2 {
    CAPTION BONDPAD.SP.4: Bondpad Via8 to Bondpad Via8 spacing must be >= 0.54 um ;
    COPY l39440;
}
SELECT -CUT via1 bondpad_metal1 l64150;
NOT l64150 bondpad_metal1 l76734;

RULE BONDPAD.E.2 {
    CAPTION BONDPAD.E.2: Bondpad Metal1 to Via1 enclosure must be >= 0.05 um ;
    COPY l76734;
}
ENC via1 bondpad_metal1 -lt 0.05 -abut eq 0 -output region l97595;

RULE BONDPAD.E.2__2 {
    CAPTION BONDPAD.E.2: Bondpad Metal1 to Via1 enclosure must be >= 0.05 um ;
    COPY l97595;
}
SELECT -CUT via2 bondpad_metal2 l93418;
NOT l93418 bondpad_metal2 l49748;

RULE BONDPAD.E.2__3 {
    CAPTION BONDPAD.E.2: Bondpad Metal2 to Via2 enclosure must be >= 0.05 um ;
    COPY l49748;
}
ENC via2 bondpad_metal2 -lt 0.05 -abut eq 0 -output region l87941;

RULE BONDPAD.E.2__4 {
    CAPTION BONDPAD.E.2: Bondpad Metal2 to Via2 enclosure must be >= 0.05 um ;
    COPY l87941;
}
SELECT -CUT via3 bondpad_metal3 l16310;
NOT l16310 bondpad_metal3 l65983;

RULE BONDPAD.E.2__5 {
    CAPTION BONDPAD.E.2: Bondpad Metal3 to Via3 enclosure must be >= 0.05 um ;
    COPY l65983;
}
ENC via3 bondpad_metal3 -lt 0.05 -abut eq 0 -output region l93819;

RULE BONDPAD.E.2__6 {
    CAPTION BONDPAD.E.2: Bondpad Metal3 to Via3 enclosure must be >= 0.05 um ;
    COPY l93819;
}
SELECT -CUT via4 bondpad_metal4 l26038;
NOT l26038 bondpad_metal4 l36478;

RULE BONDPAD.E.2__7 {
    CAPTION BONDPAD.E.2: Bondpad Metal4 to Via4 enclosure must be >= 0.05 um ;
    COPY l36478;
}
ENC via4 bondpad_metal4 -lt 0.05 -abut eq 0 -output region l91717;

RULE BONDPAD.E.2__8 {
    CAPTION BONDPAD.E.2: Bondpad Metal4 to Via4 enclosure must be >= 0.05 um ;
    COPY l91717;
}
SELECT -CUT via5 bondpad_metal5 l31530;
NOT l31530 bondpad_metal5 l99452;

RULE BONDPAD.E.2__9 {
    CAPTION BONDPAD.E.2: Bondpad Metal5 to Via5 enclosure must be >= 0.05 um ;
    COPY l99452;
}
ENC via5 bondpad_metal5 -lt 0.05 -abut eq 0 -output region l90043;

RULE BONDPAD.E.2__10 {
    CAPTION BONDPAD.E.2: Bondpad Metal5 to Via5 enclosure must be >= 0.05 um ;
    COPY l90043;
}
SELECT -CUT via6 bondpad_metal6 l21802;
NOT l21802 bondpad_metal6 l70506;

RULE BONDPAD.E.2__11 {
    CAPTION BONDPAD.E.2: Bondpad Metal6 to Via6 enclosure must be >= 0.05 um ;
    COPY l70506;
}
ENC via6 bondpad_metal6 -lt 0.05 -abut eq 0 -output region l95493;

RULE BONDPAD.E.2__12 {
    CAPTION BONDPAD.E.2: Bondpad Metal6 to Via6 enclosure must be >= 0.05 um ;
    COPY l95493;
}
SELECT -CUT via7 bondpad_metal7 l87926;
NOT l87926 bondpad_metal7 l14420;

RULE BONDPAD.E.3 {
    CAPTION BONDPAD.E.3: Bondpad Metal7 to Via7 enclosure must be >= 0.09 um ;
    COPY l14420;
}
ENC via7 bondpad_metal7 -lt 0.09 -abut eq 0 -output region l86391;

RULE BONDPAD.E.3__2 {
    CAPTION BONDPAD.E.3: Bondpad Metal7 to Via7 enclosure must be >= 0.09 um ;
    COPY l86391;
}
SELECT -CUT via8 bondpad_metal8 l69642;
NOT l69642 bondpad_metal8 l2046;

RULE BONDPAD.E.3__3 {
    CAPTION BONDPAD.E.3: Bondpad Metal8 to Via8 enclosure must be >= 0.09 um ;
    COPY l2046;
}
ENC via8 bondpad_metal8 -lt 0.09 -abut eq 0 -output region l99145;

RULE BONDPAD.E.3__4 {
    CAPTION BONDPAD.E.3: Bondpad Metal8 to Via8 enclosure must be >= 0.09 um ;
    COPY l99145;
}
SELECT -CUT via1 bondpad_metal2 l64181;
NOT l64181 bondpad_metal2 l84065;

RULE BONDPAD.E.2__13 {
    CAPTION BONDPAD.E.2: Bondpad Metal2 to Via1 enclosure must be >= 0.05 um ;
    COPY l84065;
}
ENC via1 bondpad_metal2 -lt 0.05 -abut eq 0 -output region l63418;

RULE BONDPAD.E.2__14 {
    CAPTION BONDPAD.E.2: Bondpad Metal2 to Via1 enclosure must be >= 0.05 um ;
    COPY l63418;
}
SELECT -CUT via2 bondpad_metal3 l93387;
NOT l93387 bondpad_metal3 l40074;

RULE BONDPAD.E.2__15 {
    CAPTION BONDPAD.E.2: Bondpad Metal3 to Via2 enclosure must be >= 0.05 um ;
    COPY l40074;
}
ENC via2 bondpad_metal3 -lt 0.05 -abut eq 0 -output region l22118;

RULE BONDPAD.E.2__16 {
    CAPTION BONDPAD.E.2: Bondpad Metal3 to Via2 enclosure must be >= 0.05 um ;
    COPY l22118;
}
SELECT -CUT via3 bondpad_metal4 l16341;
NOT l16341 bondpad_metal4 l41348;

RULE BONDPAD.E.2__17 {
    CAPTION BONDPAD.E.2: Bondpad Metal4 to Via3 enclosure must be >= 0.05 um ;
    COPY l41348;
}
ENC via3 bondpad_metal4 -lt 0.05 -abut eq 0 -output region l59642;

RULE BONDPAD.E.2__18 {
    CAPTION BONDPAD.E.2: Bondpad Metal4 to Via3 enclosure must be >= 0.05 um ;
    COPY l59642;
}
SELECT -CUT via4 bondpad_metal5 l26069;
NOT l26069 bondpad_metal5 l23487;

RULE BONDPAD.E.2__19 {
    CAPTION BONDPAD.E.2: Bondpad Metal5 to Via4 enclosure must be >= 0.05 um ;
    COPY l23487;
}
ENC via4 bondpad_metal5 -lt 0.05 -abut eq 0 -output region l25894;

RULE BONDPAD.E.2__20 {
    CAPTION BONDPAD.E.2: Bondpad Metal5 to Via4 enclosure must be >= 0.05 um ;
    COPY l25894;
}
SELECT -CUT via5 bondpad_metal6 l31499;
NOT l31499 bondpad_metal6 l58309;

RULE BONDPAD.E.2__21 {
    CAPTION BONDPAD.E.2: Bondpad Metal6 to Via5 enclosure must be >= 0.05 um ;
    COPY l58309;
}
ENC via5 bondpad_metal6 -lt 0.05 -abut eq 0 -output region l55866;

RULE BONDPAD.E.2__22 {
    CAPTION BONDPAD.E.2: Bondpad Metal6 to Via5 enclosure must be >= 0.05 um ;
    COPY l55866;
}
SELECT -CUT via6 bondpad_metal7 l21771;
NOT l21771 bondpad_metal7 l6464;

RULE BONDPAD.E.2__23 {
    CAPTION BONDPAD.E.2: Bondpad Metal7 to Via6 enclosure must be >= 0.05 um ;
    COPY l6464;
}
ENC via6 bondpad_metal7 -lt 0.05 -abut eq 0 -output region l29670;

RULE BONDPAD.E.2__24 {
    CAPTION BONDPAD.E.2: Bondpad Metal7 to Via6 enclosure must be >= 0.05 um ;
    COPY l29670;
}
SELECT -CUT via7 bondpad_metal8 l87957;
NOT l87957 bondpad_metal8 l45545;

RULE BONDPAD.E.3__5 {
    CAPTION BONDPAD.E.3: Bondpad Metal8 to Via7 enclosure must be >= 0.09 um ;
    COPY l45545;
}
ENC via7 bondpad_metal8 -lt 0.09 -abut eq 0 -output region l47786;

RULE BONDPAD.E.3__6 {
    CAPTION BONDPAD.E.3: Bondpad Metal8 to Via7 enclosure must be >= 0.09 um ;
    COPY l47786;
}
SELECT -CUT via8 bondpad_metal9 l69611;
NOT l69611 bondpad_metal9 l57857;

RULE BONDPAD.E.3__7 {
    CAPTION BONDPAD.E.3: Bondpad Metal9 to Via8 enclosure must be >= 0.09 um ;
    COPY l57857;
}
ENC via8 bondpad_metal9 -lt 0.09 -abut eq 0 -output region l33974;

RULE BONDPAD.E.3__8 {
    CAPTION BONDPAD.E.3: Bondpad Metal9 to Via8 enclosure must be >= 0.09 um ;
    COPY l33974;
}

RULE BONDPAD.R.1 {
    CAPTION BONDPAD.R.1: Minimum Bondpad Via1 inside Metal1 to Metal2 crossing must be >= 16.0 ;
    COPY rule_bondpad_r_1_via1;
}

RULE BONDPAD.R.1__2 {
    CAPTION BONDPAD.R.1: Minimum Bondpad Via2 inside Metal2 to Metal3 crossing must be >= 16.0 ;
    COPY rule_bondpad_r_1_via2;
}

RULE BONDPAD.R.1__3 {
    CAPTION BONDPAD.R.1: Minimum Bondpad Via3 inside Metal3 to Metal4 crossing must be >= 16.0 ;
    COPY rule_bondpad_r_1_via3;
}

RULE BONDPAD.R.1__4 {
    CAPTION BONDPAD.R.1: Minimum Bondpad Via4 inside Metal4 to Metal5 crossing must be >= 16.0 ;
    COPY rule_bondpad_r_1_via4;
}

RULE BONDPAD.R.1__5 {
    CAPTION BONDPAD.R.1: Minimum Bondpad Via5 inside Metal5 to Metal6 crossing must be >= 16.0 ;
    COPY rule_bondpad_r_1_via5;
}

RULE BONDPAD.R.1__6 {
    CAPTION BONDPAD.R.1: Minimum Bondpad Via6 inside Metal6 to Metal7 crossing must be >= 16.0 ;
    COPY rule_bondpad_r_1_via6;
}

RULE BONDPAD.R.2 {
    CAPTION BONDPAD.R.2: Minimum Bondpad Via7 inside Metal7 to Metal8 crossing must be >= 4.0 ;
    COPY rule_bondpad_r_2_via7;
}

RULE BONDPAD.R.2__2 {
    CAPTION BONDPAD.R.2: Minimum Bondpad Via8 inside Metal8 to Metal9 crossing must be >= 4.0 ;
    COPY rule_bondpad_r_2_via8;
}

RULE BONDPAD.SP.5 {
    CAPTION BONDPAD.SP.5: Bondpad Metal1 slot to Bondpad Metal1 slot spacing must be == 1.50 ;
    COPY rule_bondpad_sp_5_metal1;
}

RULE BONDPAD.SP.5__2 {
    CAPTION BONDPAD.SP.5: Bondpad Metal2 slot to Bondpad Metal2 slot spacing must be == 1.50 ;
    COPY rule_bondpad_sp_5_metal2;
}

RULE BONDPAD.SP.5__3 {
    CAPTION BONDPAD.SP.5: Bondpad Metal3 slot to Bondpad Metal3 slot spacing must be == 1.50 ;
    COPY rule_bondpad_sp_5_metal3;
}

RULE BONDPAD.SP.5__4 {
    CAPTION BONDPAD.SP.5: Bondpad Metal4 slot to Bondpad Metal4 slot spacing must be == 1.50 ;
    COPY rule_bondpad_sp_5_metal4;
}

RULE BONDPAD.SP.5__5 {
    CAPTION BONDPAD.SP.5: Bondpad Metal5 slot to Bondpad Metal5 slot spacing must be == 1.50 ;
    COPY rule_bondpad_sp_5_metal5;
}

RULE BONDPAD.SP.5__6 {
    CAPTION BONDPAD.SP.5: Bondpad Metal6 slot to Bondpad Metal6 slot spacing must be == 1.50 ;
    COPY rule_bondpad_sp_5_metal6;
}

RULE BONDPAD.SP.5__7 {
    CAPTION BONDPAD.SP.5: Bondpad Metal7 slot to Bondpad Metal7 slot spacing must be == 1.50 ;
    COPY rule_bondpad_sp_5_metal7;
}

RULE BONDPAD.SP.5__8 {
    CAPTION BONDPAD.SP.5: Bondpad Metal8 slot to Bondpad Metal8 slot spacing must be == 1.50 ;
    COPY rule_bondpad_sp_5_metal8;
}

RULE BONDPAD.W.4 {
    CAPTION BONDPAD.W.4: Bondpad Metal1 slot width must be == 1.00 ;
    COPY rule_bondpad_w_4_metal1;
}

RULE BONDPAD.W.4__2 {
    CAPTION BONDPAD.W.4: Bondpad Metal2 slot width must be == 1.00 ;
    COPY rule_bondpad_w_4_metal2;
}

RULE BONDPAD.W.4__3 {
    CAPTION BONDPAD.W.4: Bondpad Metal3 slot width must be == 1.00 ;
    COPY rule_bondpad_w_4_metal3;
}

RULE BONDPAD.W.4__4 {
    CAPTION BONDPAD.W.4: Bondpad Metal4 slot width must be == 1.00 ;
    COPY rule_bondpad_w_4_metal4;
}

RULE BONDPAD.W.4__5 {
    CAPTION BONDPAD.W.4: Bondpad Metal5 slot width must be == 1.00 ;
    COPY rule_bondpad_w_4_metal5;
}

RULE BONDPAD.W.4__6 {
    CAPTION BONDPAD.W.4: Bondpad Metal6 slot width must be == 1.00 ;
    COPY rule_bondpad_w_4_metal6;
}

RULE BONDPAD.W.4__7 {
    CAPTION BONDPAD.W.4: Bondpad Metal7 slot width must be == 1.00 ;
    COPY rule_bondpad_w_4_metal7;
}

RULE BONDPAD.W.4__8 {
    CAPTION BONDPAD.W.4: Bondpad Metal8 slot width must be == 1.00 ;
    COPY rule_bondpad_w_4_metal8;
}

RULE BONDPAD.W.5 {
    CAPTION BONDPAD.W.5: Bondpad Metal1 outside Metal1 ring width must be == 5.00 ;
    COPY rule_bondpad_w_5_metal1;
}

RULE BONDPAD.W.5__2 {
    CAPTION BONDPAD.W.5: Bondpad Metal2 outside Metal2 ring width must be == 5.00 ;
    COPY rule_bondpad_w_5_metal2;
}

RULE BONDPAD.W.5__3 {
    CAPTION BONDPAD.W.5: Bondpad Metal3 outside Metal3 ring width must be == 5.00 ;
    COPY rule_bondpad_w_5_metal3;
}

RULE BONDPAD.W.5__4 {
    CAPTION BONDPAD.W.5: Bondpad Metal4 outside Metal4 ring width must be == 5.00 ;
    COPY rule_bondpad_w_5_metal4;
}

RULE BONDPAD.W.5__5 {
    CAPTION BONDPAD.W.5: Bondpad Metal5 outside Metal5 ring width must be == 5.00 ;
    COPY rule_bondpad_w_5_metal5;
}

RULE BONDPAD.W.5__6 {
    CAPTION BONDPAD.W.5: Bondpad Metal6 outside Metal6 ring width must be == 5.00 ;
    COPY rule_bondpad_w_5_metal6;
}

RULE BONDPAD.W.5__7 {
    CAPTION BONDPAD.W.5: Bondpad Metal7 outside Metal7 ring width must be == 5.00 ;
    COPY rule_bondpad_w_5_metal7;
}

RULE BONDPAD.W.5__8 {
    CAPTION BONDPAD.W.5: Bondpad Metal8 outside Metal8 ring width must be == 5.00 ;
    COPY rule_bondpad_w_5_metal8;
}
INTE bondpad_metal1_slot_on_edge bondpad_metal1_slot_on_edge -lt 1 -output region l16411;

RULE BONDPAD.SP.6 {
    CAPTION BONDPAD.SP.6: Bondpad Metal1 to Bondpad Metal1 spacing across first slot must be >= 1.00 um and <= 3.50 um ;
    COPY l16411;
}
SIZE bondpad_metal1_slot_on_edge -by 1.75 -truncate 2.474874 -underOver l76010;

RULE BONDPAD.SP.6__2 {
    CAPTION BONDPAD.SP.6: Bondpad Metal1 to Bondpad Metal1 spacing across first slot must be >= 1.00 um and <= 3.50 um ;
    COPY l76010;
}
INTE bondpad_metal2_slot_on_edge bondpad_metal2_slot_on_edge -lt 1 -output region l96604;

RULE BONDPAD.SP.6__3 {
    CAPTION BONDPAD.SP.6: Bondpad Metal2 to Bondpad Metal2 spacing across first slot must be >= 1.00 um and <= 3.50 um ;
    COPY l96604;
}
SIZE bondpad_metal2_slot_on_edge -by 1.75 -truncate 2.474874 -underOver l81943;

RULE BONDPAD.SP.6__4 {
    CAPTION BONDPAD.SP.6: Bondpad Metal2 to Bondpad Metal2 spacing across first slot must be >= 1.00 um and <= 3.50 um ;
    COPY l81943;
}
INTE bondpad_metal3_slot_on_edge bondpad_metal3_slot_on_edge -lt 1 -output region l76797;

RULE BONDPAD.SP.6__5 {
    CAPTION BONDPAD.SP.6: Bondpad Metal3 to Bondpad Metal3 spacing across first slot must be >= 1.00 um and <= 3.50 um ;
    COPY l76797;
}
SIZE bondpad_metal3_slot_on_edge -by 1.75 -truncate 2.474874 -underOver l27400;

RULE BONDPAD.SP.6__6 {
    CAPTION BONDPAD.SP.6: Bondpad Metal3 to Bondpad Metal3 spacing across first slot must be >= 1.00 um and <= 3.50 um ;
    COPY l27400;
}
INTE bondpad_metal4_slot_on_edge bondpad_metal4_slot_on_edge -lt 1 -output region l56990;

RULE BONDPAD.SP.6__7 {
    CAPTION BONDPAD.SP.6: Bondpad Metal4 to Bondpad Metal4 spacing across first slot must be >= 1.00 um and <= 3.50 um ;
    COPY l56990;
}
SIZE bondpad_metal4_slot_on_edge -by 1.75 -truncate 2.474874 -underOver l30553;

RULE BONDPAD.SP.6__8 {
    CAPTION BONDPAD.SP.6: Bondpad Metal4 to Bondpad Metal4 spacing across first slot must be >= 1.00 um and <= 3.50 um ;
    COPY l30553;
}
INTE bondpad_metal5_slot_on_edge bondpad_metal5_slot_on_edge -lt 1 -output region l37183;

RULE BONDPAD.SP.6__9 {
    CAPTION BONDPAD.SP.6: Bondpad Metal5 to Bondpad Metal5 spacing across first slot must be >= 1.00 um and <= 3.50 um ;
    COPY l37183;
}
SIZE bondpad_metal5_slot_on_edge -by 1.75 -truncate 2.474874 -underOver l78790;

RULE BONDPAD.SP.6__10 {
    CAPTION BONDPAD.SP.6: Bondpad Metal5 to Bondpad Metal5 spacing across first slot must be >= 1.00 um and <= 3.50 um ;
    COPY l78790;
}
INTE bondpad_metal6_slot_on_edge bondpad_metal6_slot_on_edge -lt 1 -output region l17376;

RULE BONDPAD.SP.6__11 {
    CAPTION BONDPAD.SP.6: Bondpad Metal6 to Bondpad Metal6 spacing across first slot must be >= 1.00 um and <= 3.50 um ;
    COPY l17376;
}
SIZE bondpad_metal6_slot_on_edge -by 1.75 -truncate 2.474874 -underOver l79163;

RULE BONDPAD.SP.6__12 {
    CAPTION BONDPAD.SP.6: Bondpad Metal6 to Bondpad Metal6 spacing across first slot must be >= 1.00 um and <= 3.50 um ;
    COPY l79163;
}
INTE bondpad_metal7_slot_on_edge bondpad_metal7_slot_on_edge -lt 1 -output region l97569;

RULE BONDPAD.SP.6__13 {
    CAPTION BONDPAD.SP.6: Bondpad Metal7 to Bondpad Metal7 spacing across first slot must be >= 1.00 um and <= 3.50 um ;
    COPY l97569;
}
SIZE bondpad_metal7_slot_on_edge -by 1.75 -truncate 2.474874 -underOver l30180;

RULE BONDPAD.SP.6__14 {
    CAPTION BONDPAD.SP.6: Bondpad Metal7 to Bondpad Metal7 spacing across first slot must be >= 1.00 um and <= 3.50 um ;
    COPY l30180;
}
INTE bondpad_metal8_slot_on_edge bondpad_metal8_slot_on_edge -lt 1 -output region l77762;

RULE BONDPAD.SP.6__15 {
    CAPTION BONDPAD.SP.6: Bondpad Metal8 to Bondpad Metal8 spacing across first slot must be >= 1.00 um and <= 3.50 um ;
    COPY l77762;
}
SIZE bondpad_metal8_slot_on_edge -by 1.75 -truncate 2.474874 -underOver l27773;

RULE BONDPAD.SP.6__16 {
    CAPTION BONDPAD.SP.6: Bondpad Metal8 to Bondpad Metal8 spacing across first slot must be >= 1.00 um and <= 3.50 um ;
    COPY l27773;
}
EXTE bondpad_via1_array bondpad_via1_array -lt 1.1 -abut lt 90 -measure all -output region l30602;

RULE BONDPAD.SP.7 {
    CAPTION BONDPAD.SP.7: Bondpad Via1 array to Bondpad Via1 array spacing must be >= 1.1 um ;
    COPY l30602;
}
EXTE bondpad_via2_array bondpad_via2_array -lt 1.1 -abut lt 90 -measure all -output region l79689;

RULE BONDPAD.SP.7__2 {
    CAPTION BONDPAD.SP.7: Bondpad Via2 array to Bondpad Via2 array spacing must be >= 1.1 um ;
    COPY l79689;
}
EXTE bondpad_via3_array bondpad_via3_array -lt 1.1 -abut lt 90 -measure all -output region l28776;

RULE BONDPAD.SP.7__3 {
    CAPTION BONDPAD.SP.7: Bondpad Via3 array to Bondpad Via3 array spacing must be >= 1.1 um ;
    COPY l28776;
}
EXTE bondpad_via4_array bondpad_via4_array -lt 1.1 -abut lt 90 -measure all -output region l77863;

RULE BONDPAD.SP.7__4 {
    CAPTION BONDPAD.SP.7: Bondpad Via4 array to Bondpad Via4 array spacing must be >= 1.1 um ;
    COPY l77863;
}
EXTE bondpad_via5_array bondpad_via5_array -lt 1.1 -abut lt 90 -measure all -output region l26950;

RULE BONDPAD.SP.7__5 {
    CAPTION BONDPAD.SP.7: Bondpad Via5 array to Bondpad Via5 array spacing must be >= 1.1 um ;
    COPY l26950;
}
EXTE bondpad_via6_array bondpad_via6_array -lt 1.1 -abut lt 90 -measure all -output region l76037;

RULE BONDPAD.SP.7__6 {
    CAPTION BONDPAD.SP.7: Bondpad Via6 array to Bondpad Via6 array spacing must be >= 1.1 um ;
    COPY l76037;
}
EXTE bondpad_via7_array bondpad_via7_array -lt 1.1 -abut lt 90 -measure all -output region l74876;

RULE BONDPAD.SP.7__7 {
    CAPTION BONDPAD.SP.7: Bondpad Via7 array to Bondpad Via7 array spacing must be >= 1.1 um ;
    COPY l74876;
}
EXTE bondpad_via8_array bondpad_via8_array -lt 1.1 -abut lt 90 -measure all -output region l25789;

RULE BONDPAD.SP.7__8 {
    CAPTION BONDPAD.SP.7: Bondpad Via8 array to Bondpad Via8 array spacing must be >= 1.1 um ;
    COPY l25789;
}
EDGE_BOOLEAN -INSIDE oxide_in_res resdum_sz l68152;
INTE l68152 l68152 -lt 0.2 -output region l71112;

RULE OXIDER.W.1.1 {
    CAPTION OXIDER.W.1.1: Oxide resistor width must be >= 0.2 um ;
    COPY l71112;
}
EDGE_BOOLEAN -INSIDE poly_in_res resdum_sz l1707;
INTE l1707 l1707 -lt 0.2 -output region l66971;

RULE POLYR.W.1.1 {
    CAPTION POLYR.W.1.1: Poly resistor width must be >= 0.2 um ;
    COPY l66971;
}

RULE non45Errors {
    CAPTION non45Errors ;
    ANGLE bondpad -ltgt 0 45;
    ANGLE bondpad -ltgt 45 90;
    ANGLE capmetal -ltgt 0 45;
    ANGLE capmetal -ltgt 45 90;
    ANGLE cont -ltgt 0 45;
    ANGLE cont -ltgt 45 90;
    ANGLE esddummy -ltgt 0 45;
    ANGLE esddummy -ltgt 45 90;
    ANGLE ind2dummy -ltgt 0 45;
    ANGLE ind2dummy -ltgt 45 90;
    ANGLE ind3dummy -ltgt 0 45;
    ANGLE ind3dummy -ltgt 45 90;
    ANGLE inddummy -ltgt 0 45;
    ANGLE inddummy -ltgt 45 90;
    ANGLE m1resdum -ltgt 0 45;
    ANGLE m1resdum -ltgt 45 90;
    ANGLE m2resdum -ltgt 0 45;
    ANGLE m2resdum -ltgt 45 90;
    ANGLE m3resdum -ltgt 0 45;
    ANGLE m3resdum -ltgt 45 90;
    ANGLE m4resdum -ltgt 0 45;
    ANGLE m4resdum -ltgt 45 90;
    ANGLE m5resdum -ltgt 0 45;
    ANGLE m5resdum -ltgt 45 90;
    ANGLE m6resdum -ltgt 0 45;
    ANGLE m6resdum -ltgt 45 90;
    ANGLE m7resdum -ltgt 0 45;
    ANGLE m7resdum -ltgt 45 90;
    ANGLE m8resdum -ltgt 0 45;
    ANGLE m8resdum -ltgt 45 90;
    ANGLE m9resdum -ltgt 0 45;
    ANGLE m9resdum -ltgt 45 90;
    ANGLE metal1_d -ltgt 0 45;
    ANGLE metal1_d -ltgt 45 90;
    ANGLE metal1_f -ltgt 0 45;
    ANGLE metal1_f -ltgt 45 90;
    ANGLE metal1_n -ltgt 0 45;
    ANGLE metal1_n -ltgt 45 90;
    ANGLE metal1_p -ltgt 0 45;
    ANGLE metal1_p -ltgt 45 90;
    ANGLE metal1_slot -ltgt 0 45;
    ANGLE metal1_slot -ltgt 45 90;
    ANGLE metal2_d -ltgt 0 45;
    ANGLE metal2_d -ltgt 45 90;
    ANGLE metal2_f -ltgt 0 45;
    ANGLE metal2_f -ltgt 45 90;
    ANGLE metal2_n -ltgt 0 45;
    ANGLE metal2_n -ltgt 45 90;
    ANGLE metal2_p -ltgt 0 45;
    ANGLE metal2_p -ltgt 45 90;
    ANGLE metal2_slot -ltgt 0 45;
    ANGLE metal2_slot -ltgt 45 90;
    ANGLE metal3_d -ltgt 0 45;
    ANGLE metal3_d -ltgt 45 90;
    ANGLE metal3_f -ltgt 0 45;
    ANGLE metal3_f -ltgt 45 90;
    ANGLE metal3_n -ltgt 0 45;
    ANGLE metal3_n -ltgt 45 90;
    ANGLE metal3_p -ltgt 0 45;
    ANGLE metal3_p -ltgt 45 90;
    ANGLE metal3_slot -ltgt 0 45;
    ANGLE metal3_slot -ltgt 45 90;
    ANGLE metal4_d -ltgt 0 45;
    ANGLE metal4_d -ltgt 45 90;
    ANGLE metal4_f -ltgt 0 45;
    ANGLE metal4_f -ltgt 45 90;
    ANGLE metal4_n -ltgt 0 45;
    ANGLE metal4_n -ltgt 45 90;
    ANGLE metal4_p -ltgt 0 45;
    ANGLE metal4_p -ltgt 45 90;
    ANGLE metal4_slot -ltgt 0 45;
    ANGLE metal4_slot -ltgt 45 90;
    ANGLE metal5_d -ltgt 0 45;
    ANGLE metal5_d -ltgt 45 90;
    ANGLE metal5_f -ltgt 0 45;
    ANGLE metal5_f -ltgt 45 90;
    ANGLE metal5_n -ltgt 0 45;
    ANGLE metal5_n -ltgt 45 90;
    ANGLE metal5_p -ltgt 0 45;
    ANGLE metal5_p -ltgt 45 90;
    ANGLE metal5_slot -ltgt 0 45;
    ANGLE metal5_slot -ltgt 45 90;
    ANGLE metal6_d -ltgt 0 45;
    ANGLE metal6_d -ltgt 45 90;
    ANGLE metal6_f -ltgt 0 45;
    ANGLE metal6_f -ltgt 45 90;
    ANGLE metal6_n -ltgt 0 45;
    ANGLE metal6_n -ltgt 45 90;
    ANGLE metal6_p -ltgt 0 45;
    ANGLE metal6_p -ltgt 45 90;
    ANGLE metal6_slot -ltgt 0 45;
    ANGLE metal6_slot -ltgt 45 90;
    ANGLE metal7_d -ltgt 0 45;
    ANGLE metal7_d -ltgt 45 90;
    ANGLE metal7_f -ltgt 0 45;
    ANGLE metal7_f -ltgt 45 90;
    ANGLE metal7_n -ltgt 0 45;
    ANGLE metal7_n -ltgt 45 90;
    ANGLE metal7_p -ltgt 0 45;
    ANGLE metal7_p -ltgt 45 90;
    ANGLE metal7_slot -ltgt 0 45;
    ANGLE metal7_slot -ltgt 45 90;
    ANGLE metal8_d -ltgt 0 45;
    ANGLE metal8_d -ltgt 45 90;
    ANGLE metal8_f -ltgt 0 45;
    ANGLE metal8_f -ltgt 45 90;
    ANGLE metal8_n -ltgt 0 45;
    ANGLE metal8_n -ltgt 45 90;
    ANGLE metal8_p -ltgt 0 45;
    ANGLE metal8_p -ltgt 45 90;
    ANGLE metal8_slot -ltgt 0 45;
    ANGLE metal8_slot -ltgt 45 90;
    ANGLE metal9_d -ltgt 0 45;
    ANGLE metal9_d -ltgt 45 90;
    ANGLE metal9_f -ltgt 0 45;
    ANGLE metal9_f -ltgt 45 90;
    ANGLE metal9_n -ltgt 0 45;
    ANGLE metal9_n -ltgt 45 90;
    ANGLE metal9_p -ltgt 0 45;
    ANGLE metal9_p -ltgt 45 90;
    ANGLE metal9_slot -ltgt 0 45;
    ANGLE metal9_slot -ltgt 45 90;
    ANGLE npndummy -ltgt 0 45;
    ANGLE npndummy -ltgt 45 90;
    ANGLE nburied -ltgt 0 45;
    ANGLE nburied -ltgt 45 90;
    ANGLE nhvt -ltgt 0 45;
    ANGLE nhvt -ltgt 45 90;
    ANGLE nimp -ltgt 0 45;
    ANGLE nimp -ltgt 45 90;
    ANGLE nwell -ltgt 0 45;
    ANGLE nwell -ltgt 45 90;
    ANGLE nzvt -ltgt 0 45;
    ANGLE nzvt -ltgt 45 90;
    ANGLE oxide -ltgt 0 45;
    ANGLE oxide -ltgt 45 90;
    ANGLE oxide_thk -ltgt 0 45;
    ANGLE oxide_thk -ltgt 45 90;
    ANGLE pnpdummy -ltgt 0 45;
    ANGLE pnpdummy -ltgt 45 90;
    ANGLE phvt -ltgt 0 45;
    ANGLE phvt -ltgt 45 90;
    ANGLE pimp -ltgt 0 45;
    ANGLE pimp -ltgt 45 90;
    ANGLE poly -ltgt 0 45;
    ANGLE poly -ltgt 45 90;
    ANGLE psub -ltgt 0 45;
    ANGLE psub -ltgt 45 90;
    ANGLE reswdum -ltgt 0 45;
    ANGLE reswdum -ltgt 45 90;
    ANGLE resdum -ltgt 0 45;
    ANGLE resdum -ltgt 45 90;
    ANGLE siprot -ltgt 0 45;
    ANGLE siprot -ltgt 45 90;
    ANGLE via1 -ltgt 0 45;
    ANGLE via1 -ltgt 45 90;
    ANGLE via2 -ltgt 0 45;
    ANGLE via2 -ltgt 45 90;
    ANGLE via3 -ltgt 0 45;
    ANGLE via3 -ltgt 45 90;
    ANGLE via4 -ltgt 0 45;
    ANGLE via4 -ltgt 45 90;
    ANGLE via5 -ltgt 0 45;
    ANGLE via5 -ltgt 45 90;
    ANGLE via6 -ltgt 0 45;
    ANGLE via6 -ltgt 45 90;
    ANGLE via7 -ltgt 0 45;
    ANGLE via7 -ltgt 45 90;
    ANGLE via8 -ltgt 0 45;
    ANGLE via8 -ltgt 45 90;
}
GRID -x 5 -y 5;

RULE offGridErrors {
    CAPTION offGridErrors ;
    LAYOUT_INPUT -OFFGRID;
}

########################################################################
checkout license ...
########################################################################
This mode requires 1 primary license.
Checking out SoftShare license Phys_Ver_Sys_DRC_XL 22.2 Qty: 1 ... failed.

ERROR (LMF-03005): License call failed for feature Phys_Ver_Sys_DRC_XL, version 22.200 and quantity 1. The license server search path is defined as 5280@CadenceServer. The FLEXnet error message is as follows,
    FLEXnet ERROR(-5, 0, 0): No such feature exists.

Run 'lic_error LMF-03005' for more information.
Unable to queue for a license on the license server.
License checkout failed.

########################################################################
checkout Pegasus license ...
########################################################################
Checking out SoftShare license Pegasus_DRC 22.1 Qty: 1 ... succeeded (1s).
Checking out SoftShare license Pegasus_16nm 22.1 Qty: 1 ... succeeded (1s).




########################################################################
Optimizing Rules ...
########################################################################
Operation 'AND' at line 2368 in file /home/install/Physical_Verification/PVS_90nm/PVS_RULES/drc.pvl is not selected for executing, remove it.
Operation 'AND' at line 2370 in file /home/install/Physical_Verification/PVS_90nm/PVS_RULES/drc.pvl is not selected for executing, remove it.
Operation 'AND' at line 2372 in file /home/install/Physical_Verification/PVS_90nm/PVS_RULES/drc.pvl is not selected for executing, remove it.
Operation 'AND' at line 2473 in file /home/install/Physical_Verification/PVS_90nm/PVS_RULES/drc.pvl is not selected for executing, remove it.
Operation 'AND' at line 2475 in file /home/install/Physical_Verification/PVS_90nm/PVS_RULES/drc.pvl is not selected for executing, remove it.
Operation 'AND' at line 2477 in file /home/install/Physical_Verification/PVS_90nm/PVS_RULES/drc.pvl is not selected for executing, remove it.
Operation 'AND' at line 2479 in file /home/install/Physical_Verification/PVS_90nm/PVS_RULES/drc.pvl is not selected for executing, remove it.
Operation 'SELECT -enclose' at line 2481 in file /home/install/Physical_Verification/PVS_90nm/PVS_RULES/drc.pvl is not selected for executing, remove it.
Operation 'AND' at line 2483 in file /home/install/Physical_Verification/PVS_90nm/PVS_RULES/drc.pvl is not selected for executing, remove it.
Operation 'AND' at line 2485 in file /home/install/Physical_Verification/PVS_90nm/PVS_RULES/drc.pvl is not selected for executing, remove it.
Operation 'AND' at line 2487 in file /home/install/Physical_Verification/PVS_90nm/PVS_RULES/drc.pvl is not selected for executing, remove it.
Operation 'AND' at line 2489 in file /home/install/Physical_Verification/PVS_90nm/PVS_RULES/drc.pvl is not selected for executing, remove it.
Operation 'AND' at line 2491 in file /home/install/Physical_Verification/PVS_90nm/PVS_RULES/drc.pvl is not selected for executing, remove it.
Operation 'SELECT -enclose' at line 2493 in file /home/install/Physical_Verification/PVS_90nm/PVS_RULES/drc.pvl is not selected for executing, remove it.
Operation 'DISCONNECT' at line 3466 in file /home/install/Physical_Verification/PVS_90nm/PVS_RULES/drc.pvl is not selected for executing, remove it.
Operation 'EXTE' at line 4339 in file /home/install/Physical_Verification/PVS_90nm/PVS_RULES/drc.pvl is not selected for executing, remove it.
Operation 'AREA' at line 4383 in file /home/install/Physical_Verification/PVS_90nm/PVS_RULES/drc.pvl is not selected for executing, remove it.
Operation 'EXTE' at line 4840 in file /home/install/Physical_Verification/PVS_90nm/PVS_RULES/drc.pvl is not selected for executing, remove it.
Operation 'ENC' at line 4848 in file /home/install/Physical_Verification/PVS_90nm/PVS_RULES/drc.pvl is not selected for executing, remove it.
Operation 'EDGE_BOOLEAN' at line 5141 in file /home/install/Physical_Verification/PVS_90nm/PVS_RULES/drc.pvl is not selected for executing, remove it.
Operation 'EDGE_EXPAND' at line 5142 in file /home/install/Physical_Verification/PVS_90nm/PVS_RULES/drc.pvl is not selected for executing, remove it.
Operation 'AND' at line 5144 in file /home/install/Physical_Verification/PVS_90nm/PVS_RULES/drc.pvl is not selected for executing, remove it.
Operation 'AREA' at line 7104 in file /home/install/Physical_Verification/PVS_90nm/PVS_RULES/drc.pvl is not selected for executing, remove it.
Operation 'AREA' at line 7112 in file /home/install/Physical_Verification/PVS_90nm/PVS_RULES/drc.pvl is not selected for executing, remove it.
Operation 'AND' at line 7680 in file /home/install/Physical_Verification/PVS_90nm/PVS_RULES/drc.pvl is not selected for executing, remove it.
Operation 'AND' at line 7682 in file /home/install/Physical_Verification/PVS_90nm/PVS_RULES/drc.pvl is not selected for executing, remove it.
Operation 'SIZE' at line 7684 in file /home/install/Physical_Verification/PVS_90nm/PVS_RULES/drc.pvl is not selected for executing, remove it.
Operation 'NOT' at line 7686 in file /home/install/Physical_Verification/PVS_90nm/PVS_RULES/drc.pvl is not selected for executing, remove it.
Operation 'EXTENT' at line 7702 in file /home/install/Physical_Verification/PVS_90nm/PVS_RULES/drc.pvl ('T1__2190') has been defined at line 397 in file /home/install/Physical_Verification/PVS_90nm/PVS_RULES/drc.pvl ('bulk'), remove it.
Operation 'EXTENT' at line 7702 in file /home/install/Physical_Verification/PVS_90nm/PVS_RULES/drc.pvl ('T1__2190') has been defined at line 397 in file /home/install/Physical_Verification/PVS_90nm/PVS_RULES/drc.pvl ('bulk'), remove it.
Operation 'AND' at line 5533 in file /home/install/Physical_Verification/PVS_90nm/PVS_RULES/drc.pvl ('l99745') has been defined at line 5433 in file /home/install/Physical_Verification/PVS_90nm/PVS_RULES/drc.pvl ('l99721'), remove it.
Operation 'AND' at line 5533 in file /home/install/Physical_Verification/PVS_90nm/PVS_RULES/drc.pvl ('l99745') has been defined at line 5433 in file /home/install/Physical_Verification/PVS_90nm/PVS_RULES/drc.pvl ('l99721'), remove it.
Time: cpu=0.57/0.57  real=0.67/0.67  Memory: 10.53/10.61/11.12  peak=11.12


########################################################################
Loading Layout Data ...
########################################################################
Parsing Layer Mapping File Inverter.lmap ...

GDSII Input Summary

Date: Sat Jun 28 14:52:34 2025
GDSII file: /home/students/Desktop/PRACTICE_DESIGNS/Analog/Analog90/Inverter/verification/Inverter.gds
GDSII size: 4096
GDSII version: 5.0
GDSII library name: Analog90
Last Modified: 11:52:37 6/28/2025
Last Accessed: 14:52:32 6/28/2025
data base unit in user units    : 0.0005
physical size of data base unit : 5e-10
magnification: 1

loading cell pmos1v_CDNS_1 ...
pmos1v_CDNS_1 : cell is empty.
loading cell nmos1v_CDNS_2 ...
nmos1v_CDNS_2 : cell is empty.
loading cell Inverter ...
Time: cpu=0.00/0.57  real=0.01/0.68  Memory: 22.59/22.79/22.79  peak=22.79

[INPUT ERROR] Cell pcapacitor is referenced, but does not exist.

Execution aborted.  Exiting with status 1.


Design Rule Check Finished Abnormally. Sat Jun 28 14:52:34 2025


Checking in all SoftShare licenses.




ERROR: pvsvirt: pvs failed

Error: Errors file '/home/students/Desktop/PRACTICE_DESIGNS/Analog/Analog90/Inverter/verification/Inverter.drc_errors.ascii' is empty.
